City,Country,Latitude,Longitude,Population,Total,Rate
San Francisco,United States of America,37.759881,-122.437392,3300000,"55,404",1.678909091
Stockholm,Sweden,59.33258,18.0649,1486000,11668,0.785195155
Amsterdam,Netherlands,52.37403,4.88969,1091000,8511,0.780109991
Wellington,New Zealand,-41.28664,174.77557,383000,2828,0.738381201
Austin,United States of America,30.27,-97.74,1684000,12318,0.731472684
Karlsruhe,Germany,49.00472,8.38583,305000,2111,0.692131148
Ann Arbor,United States of America,42.27756,-83.74088,317000,2129,0.671608833
Victoria,Canada,48.43,-123.37,357000,2376,0.665546218
Dublin,Ireland,53.33306,-6.24889,1169000,7634,0.653036784
Oslo,Norway,59.91273,10.74609,986000,6171,0.625862069
Berlin,Germany,52.52437,13.41053,3563000,21062,0.591131069
MÃ_nchen (Munich),Germany,48.137076,11.573377,1438000,8375,0.58240612
Seattle,United States of America,47.626353,-122.333144,3249000,18178,0.559495229
Santiago,Dominican Republic,19.46,-70.7,577000,3058,0.529982669
Brno,Czech Republic,49.2,16.61,390000,1996,0.511794872
Cluj-Napoca,Romania,46.76667,23.6,327000,1653,0.505504587
Hyderabad,Pakistan,25.3666667,68.3666667,1772000,8936,0.504288939
Madison,United States of America,43.069698,-89.400114,444000,2212,0.498198198
Edinburgh,United Kingdom,55.9521,-3.1965,495000,2404,0.485656566
Sofia,Bulgaria,42.7,23.32,1226000,5492,0.447960848
Utrecht,Netherlands,52.09083,5.12222,480000,2145,0.446875
KÃ¸benhavn (Copenhagen),Denmark,55.68,12.57,1268000,5623,0.443454259
Portland,United States of America,45.521525,-122.679933,2001000,8835,0.441529235
Vancouver,Canada,49.25,-123.12,2485000,10771,0.433440644
Kyiv (Kiev),Ukraine,50.445368,30.518634,2942000,12672,0.430727396
ZÃ_rich (Zurich),Switzerland,47.35785,8.50296,1246000,5283,0.42399679
Lausanne,Switzerland,46.516,6.63282,353000,1495,0.423512748
Durham,United States of America,35.988644,-78.907167,383000,1620,0.422976501
Rennes,France,48.11198,-1.67429,329000,1387,0.421580547
Eindhoven,Netherlands,51.44083,5.47778,335000,1392,0.415522388
KrakÃ_w (Cracow),Poland,50.066777,19.942468,760000,3126,0.411315789
Tallinn,Estonia,59.43696,24.75353,391000,1602,0.40971867
Helsinki,Finland,60.169246,24.940216,1180000,4749,0.402457627
Hamburg,Germany,53.55,10,1831000,7259,0.396450027
Yogyakarta,Indonesia,-7.78278,110.36083,385000,1514,0.393246753
London,United Kingdom,51.50853,-0.12574,10313000,39706,0.385009212
Stuttgart,Germany,48.78232,9.17702,626000,2398,0.383067093
Praha (Prague),Czech Republic,50.09,14.42,1314000,4862,0.370015221
Warszawa (Warsaw),Poland,52.22977,21.01178,1722000,6287,0.365098722
Nantes,France,47.21725,-1.55336,613000,2176,0.35497553
Minsk,Belarus,53.9,27.57,1915000,6795,0.354830287
Vilnius,Lithuania,54.68916,25.2798,517000,1831,0.354158607
Tampere,Finland,61.49911,23.78712,324000,1140,0.351851852
Canberra,Australia,-35.28,149.13,423000,1481,0.350118203
Melbourne,Australia,-37.81,144.96,4203000,14565,0.346538187
Bonn,Germany,50.73438,7.09548,337000,1164,0.345400593
Auckland,New Zealand,-36.86667,174.76667,1344000,4614,0.343303571
Montpellier,France,43.61092,3.87723,413000,1417,0.343099274
Sydney,Australia,-33.87,151.21,4505000,15395,0.34173141
WrocÅ‚aw,Poland,51.1,17.03333,628000,2070,0.329617834
Dresden,Germany,51.05089,13.73832,550000,1804,0.328
Bristol,United Kingdom,51.4552,-2.5966,648000,2106,0.325
Wien (Vienna),Austria,48.21,16.37,1753000,5685,0.324301198
KÃ¶ln (Cologne),Germany,50.93333,6.95,1037000,3363,0.324300868
San Jose,United States of America,37.33939,-121.89496,1730000,5500,0.317919075
Porto,Portugal,41.14961,-8.61099,1299000,4099,0.315550423
Bratislava,Slovakia,48.14816,17.10674,401000,1241,0.309476309
Toronto,Canada,43.7,-79.42,5993000,18405,0.307108293
Grenoble,France,45.16667,5.71667,503000,1516,0.30139165
Zagreb,Croatia,45.81,15.98,687000,2042,0.297234352
Bangalore,India,12.97194,77.59369,10087000,28945,0.286953505
Singapore,Singapore,1.28967,103.85007,5619000,15982,0.284427834
Toulouse,France,43.60426,1.44367,938000,2633,0.280703625
Bern,Switzerland,46.94809,7.44744,358000,1002,0.279888268
Riga,Latvia,56.946,24.10589,621000,1708,0.275040258
Boston,United States of America,42.347919,-71.06453,4249000,11679,0.274864674
Christchurch,New Zealand,-43.53333,172.63333,351000,943,0.268660969
QuÃ©bec,Canada,46.81,-71.21,805000,2141,0.265962733
Budapest,Hungary,47.49801,19.03991,1714000,4521,0.263768961
New York,United States of America,40.717042,-74.003663,18593000,"48,535",0.261039101
PoznaÅ„,Poland,52.40692,16.92993,545000,1411,0.258899083
Rochester,United States of America,43.156924,-77.604633,733000,1863,0.254160982
Brisbane,Australia,-27.47,153.03,2202000,5570,0.252951862
Leipzig,Germany,51.33962,12.37129,551000,1377,0.249909256
Valencia,Spain,39.46975,-0.37739,810000,1991,0.245802469
Pittsburgh,United States of America,40.441823,-79.98823,1719000,4167,0.242408377
Colombo,Sri Lanka,6.93194,79.84778,707000,1681,0.237765205
Raleigh,United States of America,35.778897,-78.637471,1140000,2681,0.235175439
Lyon,France,45.74846,4.84671,1609000,3769,0.234244873
Halifax,Canada,44.65,-63.58,405000,935,0.230864198
Beograd (Belgrade),Serbia,44.817649,20.463309,1182000,2711,0.229357022
Bucuresti (Bucharest),Romania,44.432787,26.104302,1868000,4283,0.229282655
Paris,France,48.85341,2.3488,10843000,24244,0.223591257
Birmingham,United States of America,33.515744,-86.801056,796000,1765,0.221733668
Bremen,Germany,53.07516,8.80777,549000,1203,0.219125683
Pune (Poona),India,18.516057,73.861578,5728000,12381,0.216148743
Salt Lake City,United States of America,40.7547,-111.892622,1096000,2348,0.214233577
CÃ_rdoba,Mexico,18.88333,-96.93333,337000,714,0.211869436
Timisoara,Romania,45.74944,21.22722,320000,674,0.210625
San Diego,United States of America,32.71533,-117.15726,3107000,6403,0.206083038
Kathmandu,Nepal,27.70169,85.3206,1183000,2427,0.205156382
Strasbourg,France,48.58342,7.74296,461000,940,0.203904555
Calgary,Canada,51.04,-114.06,1337000,2692,0.201346298
Rotterdam,Netherlands,51.9225,4.47917,993000,1929,0.194259819
GdaÅ„sk,Poland,54.35205,18.64637,460000,874,0.19
Bordeaux,France,44.84044,-0.5805,891000,1692,0.18989899
Hannover,Germany,52.37052,9.73322,533000,997,0.187054409
Mannheim,Germany,49.48833,8.46472,319000,581,0.182131661
Lille,France,50.63297,3.05858,1027000,1850,0.180136319
Brest,Belarus,52.1,23.69,321000,573,0.178504673
Lansing,United States of America,42.728422,-84.551367,320000,563,0.1759375
Beijing,China,39.91,116.4,20384000,35614,0.174715463
Belfast,United Kingdom,54.594668,-5.929812,605000,1026,0.169586777
Sarajevo,Bosnia and Herzegovina,43.85,18.36,318000,533,0.167610063
Atlanta,United States of America,33.76,-84.4,5142000,8617,0.167580708
Alicante,Spain,38.34517,-0.48149,346000,579,0.16734104
Los Angeles,United States of America,34.031656,-118.241716,12310000,20575,0.167140536
Chicago,United States of America,41.85003,-87.65005,8745000,14602,0.166975415
GÃ¶teborg,Sweden,57.703161,11.966273,586000,976,0.166552901
Basel,Switzerland,47.5584,7.57327,508000,845,0.166338583
Taipei,China,25.05,121.55,2666000,4429,0.166129032
Perth,Australia,-31.95,115.85,1861000,3056,0.164212789
Madrid,Spain,40.4165,-3.70256,6199000,10007,0.161429263
Armenia,Colombia,4.53,-75.68,400000,643,0.16075
Kharkiv,Ukraine,49.98081,36.25272,1441000,2302,0.159750173
Orlando,United States of America,28.53834,-81.37924,1731000,2755,0.159156557
Barcelona,Spain,41.38879,2.15899,5258000,8242,0.156751617
Santo Domingo,Ecuador,-0.25,-79.17,316000,488,0.15443038
AthÃ_nai (Athens),Greece,37.95342,23.74897,3052000,4698,0.153931848
Richmond,United States of America,37.543207,-77.438159,1030000,1583,0.15368932
Huntsville,United States of America,34.729703,-86.589848,334000,509,0.15239521
Bilbao,Spain,43.26271,-2.92528,351000,525,0.14957265
Adelaide,Australia,-34.93,138.6,1256000,1849,0.147213376
Varna,Bulgaria,43.22,27.92,342000,502,0.146783626
Cardiff,United Kingdom,51.48,-3.18,468000,678,0.144871795
Chandigarh,India,30.7343,76.7933,1134000,1622,0.14303351
Katowice,Poland,50.25842,19.02754,303000,433,0.14290429
Thessaloniki,Greece,40.64028,22.94389,737000,1051,0.142605156
Grand Rapids,United States of America,42.956393,-85.664883,585000,834,0.142564103
Newport,United Kingdom,51.58471,-2.997939,314000,445,0.141719745
Edmonton,Canada,53.54,-113.5,1272000,1782,0.14009434
Reno,United States of America,39.52963,-119.8138,447000,604,0.135123043
s-Gravenhage (The Hague),Netherlands,52.0767,4.2986,650000,876,0.134769231
Chattanooga,United States of America,35.045473,-85.267255,401000,540,0.134663342
Lisboa (Lisbon),Portugal,38.71686,-9.139867,2884000,3879,0.134500693
Sheffield,United Kingdom,53.38297,-1.4659,706000,949,0.134419263
Hangzhou,China,30.29,120.16,6391000,8573,0.134141762
Winnipeg,Canada,49.9,-97.13,759000,1016,0.133860343
Blumenau,Brazil,-26.92,-49.07,319000,422,0.132288401
Greenville,United States of America,34.849805,-82.397334,463000,610,0.13174946
Islamabad,Pakistan,33.70351,73.059373,1365000,1788,0.130989011
Glasgow,United Kingdom,55.86515,-4.25763,1223000,1599,0.130744072
Manchester,United Kingdom,53.48095,-2.23743,2646000,3459,0.130725624
Szczecin,Poland,53.42894,14.55302,407000,529,0.12997543
FlorianÃ_polis,Brazil,-27.6,-48.55,1180000,1515,0.128389831
Charlotte,United States of America,35.22709,-80.84313,1616000,2069,0.128032178
Bandung,Indonesia,-6.919393,107.608456,2544000,3240,0.127358491
Dortmund,Germany,51.51667,7.45,577000,733,0.127036395
Louisville,United States of America,38.24194,-85.763064,1032000,1287,0.124709302
Kitchener,Canada,43.43,-80.51,499000,620,0.124248497
Hyderabad,India,17.37528,78.47444,8944000,11036,0.123389982
Plovdiv,Bulgaria,42.15,24.75,338000,414,0.122485207
Cordoba,Spain,37.88333,-4.76667,335000,409,0.122089552
Syracuse,United States of America,43.046788,-76.147496,417000,509,0.12206235
Bielefeld,Germany,52.03333,8.53333,321000,390,0.121495327
Sevilla,Spain,37.38241,-5.97613,701000,841,0.119971469
Omaha,United States of America,41.25861111,-95.93777778,780000,935,0.119871795
Windsor,Canada,42.28,-83.01,315000,374,0.118730159
Montevideo,Uruguay,-34.83346,-56.16735,1707000,2011,0.117809022
Milano (Milan),Italy,45.55307,9.18344,3099000,3633,0.117231365
Bologna,Italy,44.49381,11.33875,784000,917,0.116964286
Lublin,Poland,51.25,22.56667,346000,400,0.115606936
Moskva (Moscow),Russian Federation,55.754996,37.621849,12166000,14056,0.115535098
Indianapolis,United States of America,39.790942,-86.147685,1646000,1883,0.114398542
Tucson,United States of America,32.214476,-110.918192,913000,1042,0.114129244
Kansas City,United States of America,39.11417,-94.62746,1604000,1827,0.113902743
Chennai (Madras),India,13.053091,80.24875,9890000,11248,0.113731041
Buffalo,United States of America,42.887934,-78.871593,913000,1038,0.113691128
Malang,Indonesia,-7.9797,112.6304,856000,969,0.113200935
Asheville,United States of America,35.579862,-82.55581,317000,358,0.112933754
Nottingham,United Kingdom,52.9536,-1.15047,755000,850,0.112582781
Gent,Belgium,51.05,3.72,435000,488,0.112183908
Hamilton,Canada,43.25,-79.85,744000,831,0.111693548
Spokane,United States of America,47.673341,-117.410271,418000,460,0.110047847
Des Moines,United States of America,41.60054,-93.60911,497000,542,0.109054326
Cape Town,South Africa,-33.92584,18.42322,3660000,3983,0.108825137
Valladolid,Spain,41.65518,-4.72372,309000,331,0.107119741
MaringÃ¡,Brazil,-23.43,-51.94,390000,417,0.106923077
Baltimore,United States of America,39.29038,-76.61219,2267000,2391,0.105469784
Bochum,Germany,51.48333,7.21667,367000,384,0.104632153
Santa Fe,Argentina,-31.63,-60.7,792000,820,0.103535354
Colorado Springs,United States of America,38.863443,-104.791914,614000,633,0.103094463
Cincinnati,United States of America,39.104722,-84.518783,1688000,1714,0.101540284
Shanghai,China,31.22,121.46,23741000,23587,0.099351333
Frankfurt am Main,Germany,50.11667,8.68333,715000,710,0.099300699
Campina Grande,Brazil,-7.23,-35.88,386000,382,0.098963731
Knoxville,United States of America,35.960749,-83.927657,647000,639,0.098763524
Lancaster,United States of America,40.0378755,-76.3055144,449000,443,0.098663697
Kingston,Jamaica,17.99702,-76.79358,588000,576,0.097959184
Nairobi,Kenya,-1.28333,36.81667,3915000,3835,0.097956577
Zaragoza,Spain,41.65606,-0.87734,701000,684,0.097574893
St. Louis,United States of America,38.628612,-90.197197,2184000,2115,0.096840659
Novosibirsk,Russian Federation,55.0415,82.9346,1497000,1431,0.095591182
New Orleans,United States of America,29.95465,-90.07507,921000,877,0.095222584
Albuquerque,United States of America,35.110703,-106.609991,827000,785,0.094921403
Gold Coast,Australia,-28,153.43,588000,555,0.094387755
Shenzhen,China,22.54,114.06,10749000,9874,0.091859708
SÃ£o JosÃ© dos Campos,Brazil,-23.18,-45.89,572000,521,0.091083916
Skopje,TFYR Macedonia,42,21.43333,503000,458,0.091053678
Albany,United States of America,42.66,-73.78,613000,554,0.090375204
Murcia,Spain,37.98704,-1.13004,463000,414,0.089416847
Sankt Peterburg (Saint Petersburg),Russian Federation,59.929858,30.326228,4993000,4448,0.089084719
New Haven,United States of America,41.3019,-72.929857,578000,506,0.087543253
Newcastle upon Tyne,United Kingdom,54.97328,-1.61396,791000,688,0.086978508
Las Vegas,United States of America,36.169941,-115.13983,2270000,1970,0.086784141
Philadelphia,United States of America,39.95234,-75.16379,5585000,4829,0.086463742
Pelotas,Brazil,-31.77,-52.34,308000,266,0.086363636
Liverpool,United Kingdom,53.41058,-2.97794,870000,749,0.086091954
Worcester,United States of America,42.262599,-71.802347,518000,443,0.085521236
Santiago,Chile,-33.46,-70.65,6507000,5459,0.083894268
San Antonio,United States of America,29.424113,-98.493536,2030000,1680,0.082758621
Milwaukee,United States of America,43.0389,-87.90647,1409000,1159,0.08225692
Roma (Rome),Italy,41.894743,12.481142,3718000,3050,0.082033351
Seoul,Republic of Korea,37.56826,126.97783,9774000,7926,0.081092695
Tomsk,Russian Federation,56.49417,84.97417,546000,441,0.080769231
Palma,Spain,39.56939,2.65024,429000,345,0.08041958
Houston,United States of America,29.7601927,-95.3693896,5638000,4525,0.080258957
Birmingham (West Midlands),United Kingdom,52.4814,-1.8998,2515000,2007,0.079801193
Tours,France,47.38333,0.68333,353000,280,0.079320113
Colima,Mexico,19.23333,-103.71667,367000,289,0.078746594
Torino (Turin),Italy,45.068672,7.677218,1765000,1389,0.078696884
Valencia,Venezuela (Bolivarian Republic of),10.16202,-68.00765,1734000,1362,0.078546713
Cleveland,United States of America,41.498587,-81.687402,1773000,1389,0.078341794
Florence,Italy,43.76667,11.25,701000,543,0.07746077
Essen,Germany,51.45374,7.010388,566000,437,0.077208481
Roorkee,India,29.86666667,77.88333333,397000,303,0.076322418
Tbilisi,Georgia,41.69411,44.83368,1147000,873,0.076111595
Greensboro,United States of America,36.073233,-79.791751,337000,255,0.075667656
CÃ_rdoba,Argentina,-31.41,-64.18,1511000,1141,0.075512905
Dubayy (Dubai),United Arab Emirates,25.272061,55.311265,2415000,1817,0.075238095
Tulsa,United States of America,36.131294,-95.937332,711000,532,0.074824191
Amman,Jordan,31.95522,35.94503,1155000,853,0.073852814
Santa Rosa,United States of America,38.44047,-122.71443,320000,235,0.0734375
Honolulu,United States of America,21.30895,-157.826182,848000,622,0.073349057
Verona,Italy,45.43419,10.99779,606000,441,0.072772277
Yerevan,Armenia,40.18,44.51,1044000,753,0.072126437
Fayetteville,United States of America,35.066663,-78.917579,329000,237,0.072036474
Leicester,United Kingdom,52.6386,-1.1317,536000,381,0.07108209
Cebu City,Philippines,10.31672,123.89071,951000,669,0.070347003
Hsinchu,China,24.81,120.97,519000,365,0.070327553
Natal,Brazil,-5.8,-35.21,1167000,814,0.0697515
Dayton,United States of America,39.758406,-84.192906,733000,498,0.067939973
Swansea,United Kingdom,51.6208,-3.9432,309000,206,0.066666667
La Plata,Argentina,-34.92,-57.95,846000,562,0.06643026
SÃ£o Paulo,Brazil,-23.55,-46.64,21066000,13864,0.065812209
San Juan,Argentina,-31.54,-68.54,497000,324,0.065191147
Tokyo,Japan,35.6895,139.69171,38001000,24614,0.06477198
Baton Rouge,United States of America,30.45075,-91.15455,663000,429,0.064705882
Little Rock,United States of America,34.742048,-92.275359,473000,306,0.064693446
Fort Wayne,United States of America,41.078348,-85.126546,327000,209,0.063914373
Oklahoma City,United States of America,35.4675,-97.516389,926000,590,0.063714903
Chengdu,China,30.67,104.07,7556000,4804,0.063578613
Sacramento,United States of America,38.58157,-121.4944,1920000,1212,0.063125
Toledo,United States of America,41.656529,-83.549856,509000,321,0.063064833
Providence,United States of America,41.824037,-71.417702,1196000,750,0.06270903
Bauru,Brazil,-22.31,-49.06,352000,219,0.062215909
Campinas,Brazil,-22.91,-47.07,3047000,1893,0.062126682
Curitiba,Brazil,-25.43,-49.27,3474000,2155,0.062032239
Kochi (Cochin),India,9.930693,76.260069,2416000,1490,0.061672185
Wuppertal,Germany,51.26667,7.18333,344000,208,0.060465116
Salem,India,11.65,78.16667,1003000,606,0.060418744
Fresno,United States of America,36.754529,-119.771119,712000,430,0.060393258
Istanbul,Turkey,41.0138,28.9497,14164000,8545,0.060329003
MontrÃ©al,Canada,45.51,-73.59,3981000,2399,0.060261241
Rouen,France,49.44313,1.09932,464000,278,0.059913793
Indore,India,22.71792,75.8333,2441000,1461,0.059852519
Bhubaneswar,India,20.23333,85.83333,999000,597,0.05975976
Wichita,United States of America,37.688848,-97.336226,500000,297,0.0594
Kazan,Russian Federation,55.78874,49.12214,1162000,689,0.05929432
Rosario,Argentina,-32.95,-60.64,1381000,811,0.058725561
LiÃ¨ge,Belgium,50.63,5.57,660000,387,0.058636364
Sorocaba,Brazil,-23.5,-47.46,727000,426,0.058596974
Jaipur,India,26.91667,75.81667,3461000,2028,0.058595782
Grodno,Belarus,53.69,23.83,340000,199,0.058529412
ÅÅÃ_dÅº,Poland,51.759433,19.459957,703000,410,0.058321479
Gomel,Belarus,52.43,30.98,483000,278,0.057556936
Genova (Genoa),Italy,44.40632,8.93386,692000,398,0.057514451
Vitebsk,Belarus,55.19,30.2,353000,202,0.057223796
"Columbus, Ohio",United States of America,39.962205,-83.000186,1505000,858,0.057009967
Modena,Italy,44.64783,10.92539,342000,194,0.056725146
Parma,Italy,44.80266,10.32898,314000,177,0.056369427
Hong Kong,"China, Hong Kong SAR",22.28,114.19,7314000,4099,0.056043205
Jakarta,Indonesia,-6.211831,106.841646,10323000,5747,0.055671801
Dnipropetrovsk,Ukraine,48.45,34.98333,957000,530,0.0553814
Buenos Aires,Argentina,-34.61,-58.4,15180000,8314,0.054769433
Bydgoszcz,Poland,53.1235,18.00762,359000,195,0.054317549
Santa Cruz,Bolivia (Plurinational State of),-17.8,-63.17,2107000,1144,0.054295206
Memphis,United States of America,35.140814,-90.047458,1106000,590,0.053345389
Da Nang,Viet Nam,16.051264,108.212426,952000,507,0.053256303
Juiz De Fora,Brazil,-21.76,-43.35,541000,288,0.05323475
Coimbatore,India,10.9925,76.96139,2549000,1349,0.052922715
Quito,Ecuador,-0.23,-78.52,1726000,903,0.052317497
Vladivostok,Russian Federation,43.10562,131.87353,590000,305,0.051694915
Dhaka,Bangladesh,23.71,90.41,17598000,9097,0.051693374
Vicenza,Italy,45.55729,11.5409,313000,161,0.0514377
San Pedro,CÃ´te d'Ivoire,4.73,-6.62,347000,178,0.05129683
Rio de Janeiro,Brazil,-22.9,-43.21,12902000,6597,0.051131608
Saratov,Russian Federation,51.54056,46.00861,815000,416,0.051042945
Mendoza,Argentina,-32.89,-68.83,1009000,513,0.050842418
UberlÃ¢ndia,Brazil,-18.92,-48.28,639000,324,0.050704225
Mobile,United States of America,30.69436,-88.04305,330000,167,0.050606061
Miami,United States of America,25.789097,-80.204044,5817000,2941,0.050558707
Jerusalem,Israel,31.76904,35.21633,839000,424,0.050536353
RibeirÃ£o  Preto,Brazil,-21.18,-47.81,651000,328,0.050384025
Pensacola,United States of America,30.42131,-87.21691,348000,174,0.05
Padova,Italy,45.41519,11.88181,655000,327,0.049923664
Pretoria,South Africa,-25.74486,28.18783,2059000,1022,0.049635746
Krasnodar,Russian Federation,45.0488,38.9725,808000,401,0.049628713
TiranÃ« (Tirana),Albania,41.33,19.82,454000,225,0.049559471
Bogor,Indonesia,-6.606481,106.801891,1076000,527,0.048977695
Campo Grande,Brazil,-20.46,-54.62,841000,411,0.048870392
Mumbai (Bombay),India,19.073975,72.880838,21043000,10248,0.04870028
Pokhara,Nepal,28.233333,83.983333,329000,160,0.048632219
Akron,United States of America,41.08144,-81.51901,568000,275,0.048415493
Tver,Russian Federation,56.86049,35.87603,399000,193,0.048370927
Vellore,India,12.93333,79.13333,528000,254,0.048106061
Franca,Brazil,-20.54,-47.4,328000,156,0.047560976
Delhi,India,28.66667,77.21667,25703000,12184,0.047403027
Omsk,Russian Federation,55,73.4,1162000,550,0.047332186
Mangalore,India,12.91723,74.85603,657000,308,0.046879756
Joinville,Brazil,-26.3,-48.85,1219000,571,0.046841674
Belo Horizonte,Brazil,-19.92,-43.94,5716000,2661,0.046553534
Ad-Dawhah (Doha),Qatar,25.274724,51.524472,718000,334,0.046518106
Brescia,Italy,45.52478,10.22727,463000,215,0.046436285
Recife,Brazil,-8.05,-34.88,3739000,1736,0.046429527
Salvador,Brazil,-12.97,-38.51,3583000,1661,0.046357801
Chaoyang,China,41.58,120.45,506000,234,0.046245059
Ankara,Turkey,39.91987,32.85427,4750000,2187,0.046042105
Malaga,Spain,36.72016,-4.42034,574000,264,0.045993031
Dehradun,India,30.31667,78.03333,812000,373,0.045935961
Zhuhai,China,22.28,113.57,1542000,700,0.04539559
Almaty,Kazakhstan,43.247189,76.910127,1523000,689,0.045239659
Kampala,Uganda,0.31628,32.58219,1936000,872,0.045041322
JoÃ£o Pessoa,Brazil,-7.12,-34.86,1093000,492,0.045013724
Samara,Russian Federation,53.20006,50.15,1164000,521,0.04475945
Temuco,Chile,-38.73,-72.6,362000,162,0.044751381
Preston,United Kingdom,53.761025,-2.702435,325000,144,0.044307692
Yekaterinburg,Russian Federation,56.8575,60.6125,1379000,611,0.044307469
Krung Thep (Bangkok),Thailand,13.721964,100.525248,9270000,4079,0.044002157
Mar Del Plata,Argentina,-38,-57.56,650000,286,0.044
Duisburg,Germany,51.43333,6.75,475000,207,0.043578947
Las Palmas Gran Canaria,Spain,28.110696,-15.434283,390000,168,0.043076923
Bishkek,Kyrgyzstan,42.87,74.59,865000,370,0.042774566
Surabaya,Indonesia,-7.288838,112.741078,2853000,1218,0.042691903
Muenster (Westfalen),Germany,51.96236,7.62571,304000,129,0.042434211
Wuhan,China,30.58,114.27,7906000,3331,0.042132558
Lahore,Pakistan,31.5497222,74.3436111,8741000,3657,0.041837318
Sevastopol,Ukraine,44.58883,33.5224,335000,140,0.041791045
Hermosillo,Mexico,29.084507,-110.967187,804000,330,0.041044776
Manizales,Colombia,5.07,-75.52,449000,184,0.040979955
Guwahati (Gauhati),India,26.173547,91.750291,1042000,426,0.040882917
Sunshine Coast,Australia,-26.66,153.1,348000,142,0.040804598
Treviso,Italy,45.66667,12.245,353000,144,0.040793201
Fortaleza,Brazil,-3.74,-38.54,3880000,1579,0.040695876
San JosÃ©,Costa Rica,9.93,-84.08,1170000,476,0.040683761
Phnum PÃ©nh (Phnom Penh),Cambodia,11.56,104.92,1731000,700,0.040439053
Rajkot,India,22.3,70.78333,1599000,640,0.040025016
Accra,Ghana,5.55602,-0.1969,2277000,911,0.040008783
Irkutsk,Russian Federation,52.29778,104.29639,582000,232,0.039862543
Londrina,Brazil,-23.31,-51.16,798000,318,0.039849624
Cuenca,Ecuador,-2.88,-78.98,361000,143,0.039612188
Catania,Italy,37.50213,15.08719,582000,230,0.0395189
Detroit,United States of America,42.387137,-83.102641,3639000,1426,0.03918659
Perm,Russian Federation,58.01741,56.28552,982000,374,0.03808554
Voronezh,Russian Federation,51.67204,39.1843,911000,346,0.037980241
Bari,Italy,41.11773,16.85118,618000,234,0.037864078
Winston-Salem,United States of America,36.102764,-80.260491,448000,169,0.037723214
Harrisburg,United States of America,40.271709,-76.884956,493000,185,0.037525355
Sylhet,Bangladesh,24.9,91.87,672000,251,0.03735119
Managua,Nicaragua,12.13282,-86.2504,956000,357,0.037343096
Mysore,India,12.29791,76.63925,1082000,403,0.037245841
Vinnitsa,Ukraine,49.23278,28.48097,371000,136,0.036657682
Astana,Kazakhstan,51.1801,71.44598,759000,278,0.036627141
Iligan,Philippines,8.227401,124.242586,343000,123,0.035860058
Krasnoyarsk,Russian Federation,56.00972,92.79167,1008000,361,0.035813492
BrasÃ_lia,Brazil,-15.78,-47.93,4155000,1474,0.035475331
Cali,Colombia,3.44,-76.52,2646000,931,0.035185185
Corrientes,Argentina,-27.48,-58.83,384000,135,0.03515625
Rostov-na-Donu (Rostov-on-Don),Russian Federation,47.217791,39.703185,1097000,385,0.035095716
Izmir,Turkey,38.41273,27.13838,3040000,1061,0.034901316
Cagliari,Italy,39.20738,9.13462,473000,164,0.034672304
Windhoek,Namibia,-22.55941,17.08323,368000,127,0.03451087
Jeju,Republic of Korea,33.50972,126.52194,333000,114,0.034234234
Simferopol,Ukraine,44.95719,34.11079,333000,113,0.033933934
Caxias Do Sul,Brazil,-29.17,-51.18,467000,158,0.033832976
Merida,Venezuela (Bolivarian Republic of),8.59524,-71.1434,324000,109,0.033641975
Tula,Russian Federation,54.20213,37.64429,517000,173,0.033462282
SÃ£o JosÃ© do Rio Preto,Brazil,-20.82,-49.38,407000,136,0.033415233
Resistencia,Argentina,-27.46,-58.98,414000,138,0.033333333
Caracas,Venezuela (Bolivarian Republic of),10.48801,-66.87919,2916000,968,0.033196159
Piracicaba,Brazil,-22.73,-47.65,377000,125,0.033156499
Montes Claros,Brazil,-16.74,-43.86,374000,123,0.032887701
Donetsk,Ukraine,48.023,37.80224,934000,303,0.032441113
Ponta Grossa,Brazil,-25.1,-50.16,324000,104,0.032098765
Udaipur,India,24.566108,73.691075,517000,163,0.031528046
Belgorod,Russian Federation,50.61074,36.58015,367000,115,0.03133515
Allahabad,India,25.45,81.85,1295000,404,0.031196911
CuiabÃ¡,Brazil,-15.6,-56.1,586000,181,0.030887372
Rangpur,Bangladesh,25.75,89.25,370000,114,0.030810811
Kuala Lumpur,Malaysia,3.1412,101.68653,6837000,2105,0.030788357
Aracaju,Brazil,-10.91,-37.07,825000,254,0.030787879
GoiÃ¢nia,Brazil,-16.68,-49.25,2285000,703,0.030765864
Denizli,Turkey,37.77417,29.0875,558000,171,0.030645161
Chihuahua,Mexico,28.63333,-106.08333,941000,288,0.030605739
Xiamen,China,24.48,118.08,4430000,1353,0.030541761
Yaroslavl,Russian Federation,57.62987,39.87368,577000,176,0.0305026
Shreveport,United States of America,32.468003,-93.771115,310000,94,0.030322581
Chelyabinsk,Russian Federation,55.15444,61.42972,1157000,349,0.030164218
Okayama,Japan,34.650668,133.913478,502000,151,0.030079681
Lima,Peru,-12.04318,-77.02824,9897000,2936,0.029665555
Vadodara,India,22.3,73.2,1975000,583,0.029518987
Penza,Russian Federation,53.20066,45.00464,515000,152,0.029514563
Cirebon,Indonesia,-6.7063,108.557,310000,91,0.029354839
Bergamo,Italy,45.69798,9.66895,840000,243,0.028928571
Ulyanovsk,Russian Federation,54.32824,48.38657,601000,173,0.028785358
Al-Iskandariyah (Alexandria),Egypt,31.19,29.9,4778000,1374,0.028756802
Ufa,Russian Federation,54.78517,56.04562,1070000,307,0.028691589
Hefei,China,31.86,117.28,3348000,960,0.028673835
Manaus,Brazil,-3.1,-60.03,2025000,577,0.028493827
Teresina,Brazil,-5.09,-42.8,959000,273,0.028467153
Tyumen,Russian Federation,57.15222,65.52722,626000,178,0.028434505
Izhevsk,Russian Federation,56.84976,53.20448,623000,177,0.028410915
"Washington, D.C.",United States of America,38.89511,-77.03637,4955000,1407,0.02839556
Tainan,China,23.13,120.26,815000,231,0.028343558
Tehran,Iran (Islamic Republic of),35.69439,51.42151,8432000,2388,0.028320683
Napoli (Naples),Italy,40.850178,14.259213,2202000,622,0.028247048
Zacatecas,Mexico,22.77559,-102.57218,349000,98,0.028080229
Stockton,United States of America,37.9577016,-121.2907796,403000,113,0.028039702
Reggio Emilia,Italy,44.69825,10.63125,344000,96,0.027906977
Monterrey,Mexico,25.66667,-100.31667,4513000,1243,0.027542655
Semarang,Indonesia,-6.9932,110.4203,1630000,448,0.027484663
Guadalajara,Mexico,20.66667,-103.33333,4843000,1327,0.027400372
Antalya,Turkey,36.90812,30.69556,1072000,293,0.02733209
Ivanovo,Russian Federation,56.99719,40.97139,393000,107,0.027226463
Baguio City,Philippines,16.410801,120.590156,358000,97,0.027094972
Oshawa,Canada,43.9,-78.85,378000,102,0.026984127
Hartford,United States of America,41.7637111,-72.6850932,963000,259,0.026895119
Kanazawa,Japan,36.556368,136.642985,387000,104,0.026873385
Barranquilla,Colombia,10.96,-74.8,1991000,535,0.026870919
Gujrat,Pakistan,32.5666667,74.0833333,406000,109,0.026847291
Khulna,Bangladesh,22.81,89.56,1022000,274,0.026810176
Avignon,France,43.94834,4.80892,460000,123,0.02673913
BogotÃ¡,Colombia,4.61,-74.08,9765000,2590,0.026523297
Posadas,Argentina,-27.37,-55.9,317000,84,0.026498423
Ryazan,Russian Federation,54.6269,39.6916,525000,139,0.02647619
Palermo,Italy,38.11582,13.35976,853000,225,0.026377491
Concord,United States of America,37.97798,-122.03107,650000,171,0.026307692
Pereira,Colombia,4.81,-75.7,598000,157,0.026254181
Como,Italy,45.80998,9.08744,461000,121,0.026247289
Changsha,China,28.23,112.94,3761000,987,0.02624302
MaceiÃ_,Brazil,-9.67,-35.74,1266000,332,0.026224329
Dalian,China,38.91,121.6,4489000,1171,0.026085988
Stoke-on-Trent (The Potteries),United Kingdom,53.0042,-2.1854,377000,98,0.025994695
Kaluga,Russian Federation,54.5293,36.27542,318000,82,0.025786164
Bakersfield,United States of America,35.357276,-119.031661,605000,156,0.025785124
Veracruz,Mexico,19.2,-96.13333,880000,226,0.025681818
Nagasaki,Japan,32.750214,129.876176,316000,79,0.025
Rajshahi,Bangladesh,24.37,88.6,844000,211,0.025
Mogilev,Belarus,53.91,30.34,351000,87,0.024786325
Jalandhar,India,31.3255556,75.5791667,954000,235,0.024633124
Rockford,United States of America,42.271254,-89.095727,311000,76,0.024437299
Palakkad,India,10.7725,76.65139,326000,78,0.02392638
MedellÃ_n,Colombia,6.25,-75.56,3911000,934,0.02388136
Sunderland,United Kingdom,54.9119,-1.3833,335000,80,0.023880597
Johannesburg,South Africa,-26.20227,28.04363,9399000,2237,0.023800404
Ulaanbaatar,Mongolia,47.90771,106.88324,1377000,324,0.023529412
East London,South Africa,-33.01529,27.91162,319000,75,0.023510972
Sakarya,Turkey,40.773758,30.402377,473000,111,0.02346723
Van,Turkey,38.5,43.3833333,410000,96,0.023414634
Kolkata (Calcutta),India,22.533455,88.356045,14865000,3479,0.023403969
Durango,Mexico,24.03333,-104.66667,586000,137,0.02337884
Nagpur,India,21.15,79.1,2675000,625,0.023364486
Cusco,Peru,-13.51833,-71.97806,412000,96,0.023300971
The Woodlands,United States of America,30.16299,-95.45577,400000,92,0.023
Anand,India,22.56667,72.93333,322000,74,0.022981366
Nikolaev,Ukraine,46.96591,31.9974,492000,112,0.022764228
Abu Zaby (Abu Dhabi),United Arab Emirates,24.464778,54.361781,1145000,260,0.022707424
Barnaul,Russian Federation,53.36056,83.76361,615000,139,0.022601626
Madurai,India,9.93333,78.11667,1593000,356,0.022347772
Durgapur,India,23.520444,87.311923,623000,139,0.022311396
Arequipa,Peru,-16.39889,-71.535,850000,189,0.022235294
Santa Clarita,United States of America,34.39166,-118.54259,321000,71,0.02211838
Boa Vista,Brazil,2.82,-60.67,331000,73,0.022054381
Virginia Beach,United States of America,36.834498,-76.087179,1460000,321,0.021986301
ValparaÃ_so,Chile,-33.04,-71.63,907000,199,0.021940463
Smolensk,Russian Federation,54.7818,32.0401,327000,71,0.021712538
Santo Domingo,Dominican Republic,18.49,-69.9,2945000,636,0.021595925
Vologda,Russian Federation,59.2187,39.8886,306000,66,0.021568627
Bryansk,Russian Federation,53.25209,34.37167,405000,87,0.021481481
Medan,Indonesia,3.58333,98.66667,2204000,472,0.021415608
Sapporo,Japan,43.06417,141.34694,2571000,550,0.021392454
Niigata,Japan,37.913894,139.032723,586000,125,0.021331058
Vladimir,Russian Federation,56.13655,40.39658,362000,77,0.021270718
Samsun,Turkey,41.2833333,36.3333333,565000,120,0.021238938
Baku,Azerbaijan,40.38,49.89,2374000,496,0.020893008
Agadir,Morocco,30.424847,-9.593695,590000,123,0.020847458
Volgograd,Russian Federation,48.71939,44.50184,1022000,213,0.020841487
Tunis,Tunisia,36.81897,10.16579,1993000,415,0.02082288
Khabarovsk,Russian Federation,48.48272,135.08379,572000,119,0.020804196
Tijuana,Mexico,32.53333,-117.01667,1987000,413,0.020785103
Davao City,Philippines,7.073854,125.612487,1630000,337,0.020674847
Herat,Afghanistan,34.35,62.2,337000,69,0.020474777
MÃ©rida,Mexico,20.96667,-89.61667,1068000,217,0.020318352
Teeside (Middlesbrough),United Kingdom,54.57623,-1.23483,382000,77,0.020157068
Uberaba,Brazil,-19.75,-47.93,314000,63,0.020063694
Modesto,United States of America,37.661479,-120.994543,385000,77,0.02
Toulon,France,43.123989,5.933225,576000,115,0.019965278
Surakarta,Indonesia,-7.55611,110.83167,504000,100,0.01984127
Aguascalientes,Mexico,21.88333,-102.3,1031000,204,0.019786615
El Paso,United States of America,31.7775757,-106.4424559,877000,173,0.01972634
Bhopal,India,23.26667,77.4,2102000,412,0.019600381
Salerno,Italy,40.67797,14.76599,414000,81,0.019565217
Kursk,Russian Federation,51.73733,36.18735,415000,81,0.019518072
Tegucigalpa,Honduras,14.0818,-87.20681,1123000,219,0.019501336
Nakuru,Kenya,-0.28333,36.06667,335000,65,0.019402985
ConcepciÃ_n,Chile,-36.83,-73.05,816000,158,0.019362745
Hefa (Haifa),Israel,32.813261,34.991355,1097000,212,0.019325433
Duesseldorf,Germany,51.22172,6.77616,603000,116,0.019237148
Taichung,China,24.14,120.67,1225000,234,0.019102041
Flint,United States of America,43.027577,-83.693996,351000,67,0.019088319
Denpasar,Indonesia,-8.65,115.21667,1107000,210,0.01897019
Oita,Japan,33.236487,131.609909,334000,63,0.018862275
Jodhpur,India,26.239232,73.015787,1284000,241,0.01876947
ThÃ nh Pho Ho ChÃ_ Minh (Ho Chi Minh City),Viet Nam,10.75,106.66667,7298000,1367,0.018731159
Varanasi (Benares),India,25.316426,82.982198,1541000,287,0.01862427
Ciudad de PanamÃ¡ (Panama City),Panama,8.995816,-79.519572,1673000,311,0.01858936
Campos dos Goytacazes,Brazil,-21.77,-41.32,447000,83,0.018568233
Corpus Christi,United States of America,27.742857,-97.401927,334000,62,0.018562874
Salta,Argentina,-24.79,-65.41,579000,107,0.018480138
Kirov,Russian Federation,58.603068,49.668173,482000,89,0.01846473
Bayrut (Beirut),Lebanon,33.9,35.48333,2226000,410,0.018418688
Sukabumi,Indonesia,-6.91806,106.92667,326000,60,0.018404908
Pescara,Italy,42.46024,14.21021,365000,67,0.018356164
Lucknow,India,26.85,80.91667,3222000,590,0.018311608
Sochi,Russian Federation,43.59917,39.72569,351000,64,0.018233618
Kakinada,India,16.93333,82.21667,479000,87,0.018162839
Lagos,Nigeria,6.45306,3.39583,13123000,2375,0.018097996
Kigali,Rwanda,-1.947364,30.057897,1257000,227,0.01805887
Scranton,United States of America,41.410629,-75.667411,379000,68,0.017941953
Durban,South Africa,-29.8579,31.0292,2901000,520,0.017924853
Abuja,Nigeria,9.05735,7.48976,2440000,437,0.017909836
Stavropol,Russian Federation,45.0428,41.9734,425000,76,0.017882353
Cartagena,Colombia,10.4,-75.51,1092000,195,0.017857143
Patiala,India,30.32667,76.40028,510000,91,0.017843137
Tashkent,Uzbekistan,41.26465,69.21627,2251000,399,0.017725455
Ludhiana,India,30.9,75.85,1716000,304,0.017715618
Tasikmalaya,Indonesia,-7.327905,108.216618,787000,139,0.017662008
Manila,Philippines,14.6042,120.9822,12946000,2280,0.017611617
Orenburg,Russian Federation,51.7727,55.0988,546000,95,0.017399267
Jammu,India,32.727805,74.856879,671000,116,0.01728763
Harare,Zimbabwe,-17.82935,31.05389,1501000,257,0.017121919
Warangal,India,18,79.58333,854000,146,0.017096019
Kota,India,25.16645,75.856095,1163000,198,0.017024936
Gaza (incl. Ash Shati Camp),State of Palestine,31.510618,34.458756,624000,106,0.016987179
Rabat,Morocco,34.01325,-6.83255,1967000,334,0.016980173
Bahia Blanca,Argentina,-38.72,-62.27,325000,55,0.016923077
Kanpur,India,26.46667,80.35,3021000,510,0.016881827
San Salvador,El Salvador,13.68935,-89.18718,1098000,184,0.016757741
Karachi,Pakistan,24.9056,67.0822,16618000,2776,0.016704778
GenÃ¨ve,Switzerland,46.20222,6.14569,558000,93,0.016666667
Bucaramanga,Colombia,7.13,-73.12,1215000,201,0.01654321
Cheboksary,Russian Federation,56.13222,47.25194,460000,76,0.016521739
JundiaÃ_,Brazil,-23.19,-46.89,620000,101,0.016290323
Antwerpen,Belgium,51.22,4.4,994000,161,0.016197183
Kaohsiung,China,22.63,120.32,1523000,246,0.016152331
Kumamoto,Japan,32.78972,130.74167,601000,97,0.016139767
Surat,India,21.16667,72.83333,5650000,910,0.016106195
Calabar,Nigeria,4.9517,8.322,467000,75,0.016059957
Xalapa,Mexico,19.537714,-96.913656,729000,117,0.016049383
San Juan,Puerto Rico,18.46633,-66.10572,2463000,395,0.016037353
Kozhikode (Calicut),India,11.25669,75.778724,2476000,397,0.016033926
Comilla,Bangladesh,23.46,91.2,493000,79,0.016024341
Guayaquil,Ecuador,-2.17,-79.9,2709000,428,0.015799188
Kemerovo,Russian Federation,55.33333,86.08333,533000,84,0.01575985
Kottayam,India,9.58333,76.51667,421000,66,0.01567696
Youngstown,United States of America,41.096258,-80.649299,372000,58,0.015591398
Yakutsk,Russian Federation,62.03389,129.73306,311000,48,0.015434084
Bursa,Turkey,40.19167,29.06111,1923000,293,0.015236609
San CristÃ_bal,Venezuela (Bolivarian Republic of),7.76694,-72.225,371000,56,0.01509434
Qingdao,China,36.1,120.37,4566000,689,0.015089794
Eldoret,Kenya,0.52036,35.26992,321000,48,0.014953271
Ciudad de MÃ©xico (Mexico City),Mexico,19.427318,-99.141869,20999000,3140,0.014953093
Orel,Russian Federation,52.96508,36.0785,308000,46,0.014935065
Valenciennes,France,50.35,3.53333,335000,50,0.014925373
BelÃ©m,Brazil,-1.46,-48.48,2182000,323,0.014802933
La Paz,Bolivia (Plurinational State of),-16.5,-68.15,1816000,266,0.014647577
Makassar (Ujung Pandang),Indonesia,-5.144396,119.423639,1489000,216,0.01450638
Iloilo City,Philippines,10.696639,122.562855,457000,66,0.014442013
Hue,Viet Nam,16.46667,107.6,354000,51,0.01440678
Dar-el-Beida (Casablanca),Morocco,33.59278,-7.61916,3515000,504,0.014338549
Arkhangelsk,Russian Federation,64.56,40.5333333,349000,50,0.014326648
Erode,India,11.3428,77.72741,590000,84,0.014237288
Mariupol,Ukraine,47.06667,37.5,451000,64,0.014190687
Nonthaburi,Thailand,13.860208,100.521782,409000,58,0.014180929
AnÃ¡polis,Brazil,-16.33,-48.95,347000,49,0.014121037
Naha,Japan,26.21219,127.687286,321000,45,0.014018692
Mataram,Indonesia,-8.58333,116.11667,457000,64,0.014004376
Al-Qahirah (Cairo),Egypt,30.04,31.24,18772000,2623,0.013972938
Sendai,Japan,38.256047,140.897639,2091000,292,0.01396461
Bogra,Bangladesh,24.85,89.37,564000,78,0.013829787
Cochabamba,Bolivia (Plurinational State of),-17.39,-66.16,1240000,171,0.013790323
Belgaum,India,15.85212,74.50447,660000,90,0.013636364
La Habana (Havana),Cuba,23.12,-82.38,2137000,291,0.01361722
Ranchi,India,23.35,85.33333,1262000,169,0.013391442
Puebla,Mexico,19.041532,-98.204962,2984000,399,0.013371314
Gwalior,India,26.22361,78.17917,1221000,163,0.013349713
Visakhapatnam,India,17.681874,83.209685,1935000,258,0.013333333
Antofagasta,Chile,-23.65,-70.4,451000,60,0.013303769
Morelia,Mexico,19.70078,-101.18443,914000,121,0.013238512
Manisa,Turkey,38.61202,27.42646,325000,43,0.013230769
Mymensingh,Bangladesh,24.75,90.4,429000,56,0.013053613
AsunciÃ_n,Paraguay,-25.30066,-57.63591,2356000,307,0.01303056
Latina,Italy,41.46614,12.9043,418000,54,0.01291866
Sucre,Bolivia (Plurinational State of),-19.03,-65.26,372000,48,0.012903226
Jilin,China,43.85,126.56,1520000,196,0.012894737
Zaporizhzhya,Ukraine,47.82289,35.19031,753000,97,0.012881806
Peshawar,Pakistan,34.00195,71.55944,1736000,223,0.012845622
Volta Redonda,Brazil,-22.52,-44.1,447000,57,0.012751678
Caruaru,Brazil,-8.28,-35.98,315000,40,0.012698413
Mombasa,Kenya,-4.05466,39.66359,1104000,140,0.012681159
San Pedro Sula,Honduras,15.5,-88.03333,852000,108,0.012676056
Pasto,Colombia,1.21,-77.28,363000,46,0.012672176
Ningbo,China,29.88,121.55,3132000,396,0.012643678
QuerÃ©taro,Mexico,20.6,-100.38333,1267000,160,0.012628256
Cotonou,Benin,6.37,2.42,682000,86,0.012609971
"Springfield, Missouri",United States of America,37.208264,-93.291368,310000,39,0.012580645
Tanta,Egypt,30.787176,30.999539,471000,59,0.012526539
Kolhapur,India,16.69563,74.23167,591000,73,0.012351946
Iquique,Chile,-20.22,-70.14,358000,44,0.012290503
"Nanjing, Jiangsu",China,32.05,118.79,7369000,905,0.012281178
Trujillo,Peru,-8.11599,-79.02998,798000,98,0.012280702
Zhengzhou,China,34.76,113.65,4387000,538,0.012263506
Saint-Ã‰tienne,France,45.43333,4.4,367000,45,0.01226158
Venezia,Italy,45.43565,12.339589,628000,77,0.012261146
Juazeiro Do Norte,Brazil,-7.21,-39.32,358000,43,0.012011173
Yangon,Myanmar,16.80528,96.15611,4802000,576,0.011995002
Seongnam,Republic of Korea,37.43861,127.13778,968000,115,0.011880165
"Jacksonville, Florida",United States of America,30.33218,-81.65565,1172000,139,0.011860068
Sialkot,Pakistan,32.5,74.5166667,579000,68,0.011744387
Nizhniy Novgorod,Russian Federation,56.32867,44.00205,1212000,141,0.011633663
Angeles City,Philippines,15.15,120.58333,363000,42,0.011570248
Nashik,India,19.98333,73.8,1779000,205,0.011523328
Kota Kinabalu,Malaysia,5.978172,116.116577,478000,55,0.011506276
Bacolod,Philippines,10.650723,122.945983,559000,64,0.011449016
Junagadh,India,21.51667,70.46667,354000,40,0.011299435
Surgut,Russian Federation,61.258749,73.424407,319000,36,0.011285266
Kagoshima,Japan,31.570982,130.548469,490000,55,0.01122449
Rio Branco,Brazil,-9.97,-67.81,358000,40,0.011173184
Masqat (Muscat),Oman,23.61387,58.5922,838000,93,0.011097852
Chiclayo,Peru,-6.77361,-79.84167,596000,66,0.011073826
Maputo,Mozambique,-25.96528,32.58917,1187000,131,0.011036226
Lipetsk,Russian Federation,52.60311,39.57076,509000,56,0.011001965
Mexicali,Mexico,32.65194,-115.46833,1034000,113,0.010928433
Jabalpur,India,23.16697,79.95006,1337000,146,0.01091997
Thanjavur,India,10.8,79.15,330000,36,0.010909091
Ife,Nigeria,7.477328,4.558853,331000,36,0.010876133
Trenton,United States of America,40.2170534,-74.7429384,313000,34,0.01086262
Feira De Santana,Brazil,-12.27,-38.97,553000,60,0.01084991
Mission Viejo,United States of America,33.60002,-117.672,610000,66,0.010819672
Piura,Peru,-5.2,-80.63333,444000,48,0.010810811
Eskisehir,Turkey,39.77667,30.52056,705000,76,0.010780142
Srinagar,India,34.083658,74.797363,1429000,154,0.010776767
Patna,India,25.6,85.11667,2210000,238,0.010769231
Addis Ababa,Ethiopia,9.02497,38.74689,3238000,345,0.010654725
Bamenda,Cameroon,5.95,10.16,424000,45,0.010613208
Nha Trang,Viet Nam,12.25,109.18333,313000,33,0.010543131
Southend-On-Sea,United Kingdom,51.53782,0.71433,304000,32,0.010526316
Kurgan,Russian Federation,55.45,65.33333,325000,34,0.010461538
Manado,Indonesia,1.487,124.8455,426000,44,0.010328638
West Yorkshire,United Kingdom,53.798431,-1.764855,1912000,197,0.010303347
Kinki M.M.A. (Osaka),Japan,34.675834,135.553823,20238000,2083,0.010292519
Guilin,China,25.28,110.29,1040000,107,0.010288462
Antioch,United States of America,38,-121.81,314000,32,0.010191083
Kayseri,Turkey,38.73222,35.48528,904000,92,0.010176991
Tianjin,China,39.11,117.19,11210000,1135,0.010124888
Aurangabad,India,19.876619,75.34331,1344000,136,0.010119048
Odesa,Ukraine,46.47747,30.73262,1010000,102,0.01009901
Raipur,India,21.23333,81.63333,1374000,137,0.009970888
Marrakech,Morocco,31.63148,-8.00828,1134000,112,0.009876543
Puducherry,India,11.93,79.83,730000,72,0.009863014
Lugansk,Ukraine,48.56705,39.31706,419000,41,0.009785203
Hiroshima,Japan,34.392823,132.460534,2173000,211,0.009710078
Chongqing,China,29.56,106.55,13332000,1292,0.009690969
Port Elizabeth,South Africa,-33.91799,25.57007,1179000,114,0.009669211
Santa Marta,Colombia,11.24,-74.2,518000,50,0.00965251
Jambi,Indonesia,-1.6,103.61667,604000,58,0.009602649
Shillong,India,25.56892,91.88313,399000,38,0.00952381
Ajmer,India,26.45,74.63333,579000,55,0.009499136
Arusha,United Republic of Tanzania,-3.36667,36.68333,444000,42,0.009459459
Pontianak,Indonesia,-0.03333,109.33333,603000,57,0.009452736
Chittagong,Bangladesh,22.33,91.84,4539000,429,0.009451421
Bhavnagar,India,21.76667,72.15,648000,61,0.00941358
Oxnard,United States of America,34.1975,-119.17705,383000,36,0.009399478
Mandaue City,Philippines,10.32361,123.92222,374000,35,0.009358289
Cagayan de Oro City,Philippines,8.48222,124.64722,688000,64,0.009302326
Mashhad,Iran (Islamic Republic of),36.297,59.6062,3014000,280,0.00928998
Guntur,India,16.3,80.45,756000,70,0.009259259
Pohang,Republic of Korea,36.017205,129.360216,346000,32,0.009248555
Konya,Turkey,37.87135,32.48464,1194000,110,0.00921273
Tarabulus (Tripoli),Libya,32.87519,13.18746,1126000,102,0.009058615
Palembang,Indonesia,-2.91673,104.7458,1455000,130,0.008934708
Shenyang,China,41.79,123.43,6315000,558,0.008836105
Ar-Riyadh (Riyadh),Saudi Arabia,24.690466,46.709566,6370000,560,0.008791209
Shiraz,Iran (Islamic Republic of),29.6036,52.5388,1661000,146,0.008789886
Samarinda,Indonesia,-0.5,117.15,865000,76,0.008786127
Bikaner,India,28.01667,73.3,706000,62,0.00878187
Kissimmee,United States of America,28.30468,-81.41667,411000,36,0.008759124
CancÃºn,Mexico,21.17429,-86.84656,845000,74,0.008757396
Magnitogorsk,Russian Federation,53.41861,59.04722,400000,35,0.00875
Bathinda,India,30.2,74.95,321000,28,0.008722741
Karaganda,Kazakhstan,49.801088,73.095428,496000,43,0.008669355
Barquisimeto,Venezuela (Bolivarian Republic of),10.07389,-69.32278,1039000,90,0.008662175
Villahermosa,Mexico,17.98333,-92.91667,845000,73,0.008639053
Padang,Indonesia,-0.94924,100.35427,903000,78,0.008637874
Zanjan,Iran (Islamic Republic of),36.6736,48.4787,417000,36,0.008633094
Vijayawada,India,16.51667,80.61667,1760000,150,0.008522727
Oujda,Morocco,34.68052,-1.90764,495000,42,0.008484848
MacapÃ¡,Brazil,0.04,-51.07,449000,38,0.008463252
Valledupar,Colombia,10.46,-73.25,415000,35,0.008433735
Tumkur,India,13.34222,77.10167,334000,28,0.008383234
Rawalpindi,Pakistan,33.6,73.0666667,2506000,210,0.008379888
Cherepovets,Russian Federation,59.13333,37.9,311000,26,0.008360129
Bengkulu,Indonesia,-3.800278,102.265278,324000,27,0.008333333
Wahran (Oran),Algeria,35.69,-0.64,858000,71,0.008275058
Johor Bahru,Malaysia,1.4655,103.7578,912000,75,0.008223684
Enugu,Nigeria,6.4402,7.4943,681000,56,0.008223201
Nola,Italy,40.92201,14.53294,318000,26,0.008176101
Irbid,Jordan,32.55556,35.85,306000,25,0.008169935
Sargodha,Pakistan,32.0833333,72.6666667,715000,58,0.008111888
Caserta,Italy,41.08322,14.33493,420000,34,0.008095238
Taranto,Italy,40.4625,17.25972,459000,37,0.008061002
Dhanbad,India,23.8,86.45,1255000,101,0.008047809
Al-Manamah (Manama),Bahrain,26.22,50.58,411000,33,0.008029197
Wah,Pakistan,33.764072,72.745029,324000,26,0.008024691
Petrolina,Brazil,-9.4,-40.5,426000,34,0.007981221
Batam,Indonesia,1.119078,104.031275,1391000,110,0.00790798
Amritsar,India,31.630953,74.875536,1265000,100,0.007905138
Cuernavaca,Mexico,18.91667,-99.25,993000,78,0.007854985
Saltillo,Mexico,25.41667,-101,932000,73,0.007832618
Cape Coral,United States of America,26.6396,-81.982471,677000,53,0.007828656
Villavicencio,Colombia,4.14,-73.63,552000,43,0.007789855
Astrakhan,Russian Federation,46.34968,48.04076,527000,41,0.007779886
Kota Bharu,Malaysia,6.133333,102.25,322000,25,0.007763975
Kunming,China,25.04,102.72,3780000,293,0.007751323
Yazd,Iran (Islamic Republic of),31.89722,54.3675,530000,41,0.007735849
Thiruvananthapuram,India,8.50694,76.95694,1965000,152,0.007735369
Bandar Lampung,Indonesia,-5.4254,105.258,965000,74,0.007668394
Batangas City,Philippines,13.75729,121.058643,340000,26,0.007647059
Tabriz,Iran (Islamic Republic of),38.08,46.2919,1572000,120,0.007633588
Balikpapan,Indonesia,-1.26753,116.82887,655000,49,0.007480916
El DjazaÃ¯r  (Algiers),Algeria,36.75,3.04,2594000,193,0.007440247
Puerto Vallarta,Mexico,20.62041,-105.23066,471000,35,0.007430998
Huancayo,Peru,-12.06667,-75.23333,364000,27,0.007417582
Changchun,China,43.88,125.29,3762000,277,0.007363105
Chita,Russian Federation,52.03171,113.50087,327000,24,0.00733945
Nanchang,China,28.68,115.88,2527000,185,0.007320934
Jos,Nigeria,9.91667,8.9,810000,59,0.007283951
Dakar,Senegal,14.6937,-17.44406,3520000,253,0.0071875
Dushanbe,Tajikistan,38.53575,68.77905,822000,59,0.007177616
"Guangzhou, Guangdong",China,23.13,113.26,12458000,889,0.007135977
Barisal,Bangladesh,22.7,90.37,408000,29,0.007107843
Tirupati,India,13.65,79.41667,550000,39,0.007090909
Sari,Iran (Islamic Republic of),36.56332,53.06009,325000,23,0.007076923
Lusaka,Zambia,-15.413374,28.277148,2179000,154,0.007067462
Nakhon Ratchasima,Thailand,14.97066,102.10196,368000,26,0.007065217
Rasht,Iran (Islamic Republic of),37.28077,49.58319,709000,50,0.007052186
Kunshan ,China,31.39,120.96,582000,41,0.007044674
Pavlodar,Kazakhstan,52.3,76.95,356000,25,0.007022472
Oyo,Nigeria,7.85,3.93333,371000,26,0.007008086
Kuching,Malaysia,1.55,110.33333,560000,39,0.006964286
Utsunomiya,Japan,36.56583,139.88361,391000,27,0.006905371
Weihai,China,37.5,122.11,845000,58,0.006863905
Annaba,Algeria,36.9,7.77,352000,24,0.006818182
Tirunelveli,India,8.73333,77.7,530000,36,0.006792453
Irapuato,Mexico,20.6784,-101.3465,427000,29,0.006791569
Anyang,Republic of Korea,37.3925,126.92694,595000,40,0.006722689
Aswan,Egypt,24.09343,32.90704,313000,21,0.006709265
IbaguÃ©,Colombia,4.44,-75.23,612000,41,0.006699346
Thrissur,India,10.51667,76.21667,2329000,156,0.006698154
CÃºcuta,Colombia,7.89,-72.51,851000,57,0.006698002
Charleroi,Belgium,50.41,4.44,393000,26,0.006615776
Maracaibo,Venezuela (Bolivarian Republic of),10.63167,-71.64056,2196000,145,0.006602914
Banjarmasin,Indonesia,-3.32442,114.591,682000,45,0.00659824
Samarkand,Uzbekistan,39.6541667,66.9597222,364000,24,0.006593407
Kingston upon Hull,United Kingdom,53.748257,-0.334021,320000,21,0.0065625
Kerman,Iran (Islamic Republic of),30.28321,57.07879,550000,36,0.006545455
Sivas,Turkey,39.75,37.0333333,352000,23,0.006534091
Busan,Republic of Korea,35.10278,129.04028,3216000,209,0.006498756
Ulan-Ude,Russian Federation,51.82605,107.60979,432000,28,0.006481481
Chukyo M.M.A. (Nagoya),Japan,35.18147,136.90641,9406000,609,0.006474591
Mersin,Turkey,36.8,34.633333,854000,55,0.006440281
CuliacÃ¡n,Mexico,24.79944,-107.38972,762000,49,0.006430446
"Fuzhou, Fujian",China,26.08,119.3,3283000,211,0.006427048
Novokuznetsk,Russian Federation,53.7557,87.1099,545000,35,0.006422018
Agartala,India,23.83639,91.275,550000,35,0.006363636
Tepic,Mexico,21.5,-104.9,479000,30,0.006263048
Bhilwara,India,25.35,74.63333,400000,25,0.00625
MazatlÃ¡n,Mexico,23.240665,-106.414306,416000,26,0.00625
Jamshedpur,India,22.8,86.18333,1451000,90,0.006202619
Ulsan,Republic of Korea,35.53722,129.31667,904000,56,0.00619469
Ondo,Nigeria,7.1,4.83333,377000,23,0.006100796
Irbil (Erbil),Iraq,36.19257,44.01062,1166000,71,0.006089194
San Salvador de Jujuy,Argentina,-24.19,-65.3,330000,20,0.006060606
Mathura,India,27.5,77.68333,529000,32,0.006049149
Coatzacoalcos,Mexico,18.15,-94.41667,368000,22,0.005978261
Hat Yai,Thailand,7.0083,100.4767,318000,19,0.005974843
Qazvin,Iran (Islamic Republic of),36.26877,50.0041,402000,24,0.005970149
Bloemfontein,South Africa,-29.12106,26.214,503000,30,0.005964215
Juba,South Sudan,4.85165,31.58247,321000,19,0.005919003
Punto Fijo,Venezuela (Bolivarian Republic of),11.6956,-70.19957,321000,19,0.005919003
Ciudad de Guatemala (Guatemala City),Guatemala,14.612652,-90.530746,2918000,172,0.005894448
Lipa City,Philippines,13.941883,121.162665,323000,19,0.005882353
Rajahmundry,India,17.003789,81.789447,511000,30,0.005870841
Batna,Algeria,35.56,6.17,307000,18,0.005863192
Monrovia,Liberia,6.30054,-10.7969,1264000,74,0.00585443
Multan,Pakistan,30.1833333,71.4833333,1921000,112,0.005830297
Malatya,Turkey,38.35,38.316667,431000,25,0.005800464
Sharjah,United Arab Emirates,25.35731,55.4033,1279000,74,0.00578577
Lampang,Thailand,18.29232,99.49277,382000,22,0.005759162
Antananarivo,Madagascar,-18.91368,47.53613,2610000,150,0.005747126
Kollam,India,8.88056,76.59167,1410000,81,0.005744681
"Columbia, South Carolina",United States of America,33.999477,-81.036538,630000,36,0.005714286
Ansan,Republic of Korea,37.32361,126.82194,776000,44,0.005670103
"Suzhou, Jiangsu",China,31.3,120.59,5472000,310,0.005665205
Changning,China,26.41,112.4,408000,23,0.005637255
Keelung,China,25.13,121.74,374000,21,0.005614973
Bahawalpur,Pakistan,29.4,71.68333,913000,51,0.00558598
Adana,Turkey,37.00167,35.32889,1830000,102,0.00557377
Mandalay,Myanmar,21.97473,96.08359,1167000,65,0.005569837
LomÃ©,Togo,6.13748,1.21227,956000,53,0.005543933
Jalgaon,India,21.009222,75.564353,506000,28,0.005533597
Yantai,China,37.47,121.44,2114000,115,0.005439924
Monteria,Colombia,8.75,-75.88,371000,20,0.005390836
Blida,Algeria,36.48,2.83,409000,22,0.005378973
Incheon,Republic of Korea,37.45361,126.73167,2685000,144,0.005363128
Cheonan,Republic of Korea,36.813188,127.140955,488000,26,0.005327869
Douala,Cameroon,4.05,9.7,2943000,156,0.005300714
Gebze,Turkey,40.80276,29.43068,609000,32,0.005254516
"Wuxi, Jiangsu",China,31.54,120.3,3049000,160,0.005247622
Hisar,India,29.16667,75.71667,328000,17,0.005182927
Jamnagar,India,22.46667,70.06667,619000,32,0.005169628
Nuevo Laredo,Mexico,27.47629,-99.51639,426000,22,0.005164319
Hosur,India,12.716667,77.816667,352000,18,0.005113636
Aligarh,India,27.88333,78.08333,1037000,53,0.005110897
Libreville,Gabon,0.3925,9.45365,707000,36,0.005091938
Rohtak,India,28.9,76.5666667,413000,21,0.005084746
Lanzhou,China,36.06,103.79,2723000,138,0.00506794
Karaj,Iran (Islamic Republic of),35.8355,51.0103,1807000,91,0.005035971
Matsuyama,Japan,33.83239,132.75951,437000,22,0.005034325
Celaya,Mexico,20.51667,-100.81667,661000,33,0.004992436
Karimnagar,India,18.43333,79.15,345000,17,0.004927536
Nellore,India,14.44625,79.9842,650000,32,0.004923077
Ilorin,Nigeria,8.5,4.55,857000,42,0.004900817
Nanning,China,22.82,108.32,3234000,157,0.004854669
Gorakhpur,India,26.759877,83.371379,723000,35,0.004840941
Neiva,Colombia,2.93,-75.28,355000,17,0.004788732
Santiago Del Estero,Argentina,-27.8,-64.26,397000,19,0.004785894
Bulawayo,Zimbabwe,-20.15,28.58333,648000,31,0.004783951
"Xi'an, Shaanxi",China,34.29,108.94,6044000,289,0.004781602
Kuantan,Malaysia,3.8077,103.326,440000,21,0.004772727
Lilongwe,Malawi,-13.96692,33.78725,905000,43,0.004751381
McAllen,United States of America,26.216263,-98.236385,864000,41,0.00474537
Alwar,India,27.56246,76.625,380000,18,0.004736842
Esfahan,Iran (Islamic Republic of),32.65722,51.67761,1880000,89,0.004734043
Dar es Salaam,United Republic of Tanzania,-6.82349,39.26951,5116000,242,0.004730258
Tlaxcala,Mexico,19.31389,-98.24167,551000,26,0.004718693
Dewas,India,22.96667,76.06667,319000,15,0.004702194
Lapu-Lapu City,Philippines,10.31028,123.94944,447000,21,0.004697987
Quetta,Pakistan,30.199,67.00971,1109000,52,0.004688909
Kabul,Afghanistan,34.53,69.17,4635000,216,0.004660194
Quanzhou,China,24.9,118.6,1395000,65,0.004659498
Bilaspur,India,22.078278,82.14574,518000,24,0.004633205
Cuttack,India,20.46497,85.87927,691000,32,0.00463097
Dindigul,India,10.36896,77.98036,346000,16,0.004624277
Anantapur,India,14.68333,77.6,395000,18,0.004556962
Abidjan,CÃ´te d'Ivoire,5.35,-4.03,4860000,221,0.004547325
Agra,India,27.18333,78.01667,1966000,89,0.004526958
Butuan,Philippines,8.94917,125.54361,333000,15,0.004504505
Ciudad del Este,Paraguay,-25.51667,-54.61667,422000,19,0.00450237
Port St. Lucie,United States of America,27.29393,-80.35033,445000,20,0.004494382
Siliguri,India,26.71611,88.42361,832000,37,0.004447115
Jiaxing,China,30.77,120.75,970000,43,0.00443299
Port Moresby,Papua New Guinea,-9.44314,147.17972,345000,15,0.004347826
Aizawl,India,23.72444,92.7175,323000,14,0.004334365
Ujjain,India,23.18333,75.76667,556000,24,0.004316547
Cotabato,Philippines,7.22361,124.24639,351000,15,0.004273504
Freetown,Sierra Leone,8.484,-13.22994,1007000,43,0.004270109
Daegu,Republic of Korea,35.87028,128.59111,2244000,95,0.004233512
Erzurum,Turkey,39.90861,41.27694,382000,16,0.004188482
San Luis PotosÃ_,Mexico,22.15,-100.98333,1147000,48,0.00418483
Wenzhou,China,28,120.67,3208000,134,0.004177057
Dimashq (Damascus),Syrian Arab Republic,33.508586,36.308444,2566000,106,0.004130943
Tampico,Mexico,22.21667,-97.85,920000,37,0.004021739
Dandong,China,40.12,124.37,821000,33,0.004019488
Sanandaj,Iran (Islamic Republic of),35.3144,46.9923,423000,17,0.004018913
Xuzhou,China,34.26,117.19,1918000,77,0.004014599
Faisalabad,Pakistan,31.4166667,73.0833333,3567000,143,0.004008971
Kaduna,Nigeria,10.52224,7.43828,1048000,42,0.004007634
Qom,Iran (Islamic Republic of),34.6401,50.8764,1204000,48,0.003986711
Guiyang,China,26.58,106.72,2871000,114,0.003970742
Maracay,Venezuela (Bolivarian Republic of),10.24694,-67.59583,1166000,46,0.003945111
Barinas,Venezuela (Bolivarian Republic of),8.62261,-70.20749,333000,13,0.003903904
Port Harcourt,Nigeria,4.77742,7.0134,2343000,91,0.00388391
Tanger,Morocco,35.784722,-5.812778,982000,38,0.003869654
Pietermaritzburg,South Africa,-29.61678,30.39278,495000,19,0.003838384
Barletta,Italy,41.31183,16.29077,339000,13,0.003834808
Asahikawa,Japan,43.76778,142.37028,313000,12,0.003833866
Camaguey,Cuba,21.38,-77.92,315000,12,0.003809524
Yanji,China,42.91,129.51,588000,22,0.003741497
Chimbote,Peru,-9.08528,-78.57833,375000,14,0.003733333
Gorgan,Iran (Islamic Republic of),36.84165,54.44361,377000,14,0.003713528
Sanya,China,18.27,109.5,541000,20,0.003696858
Charleston-North Charleston,United States of America,32.789295,-79.986255,626000,23,0.003674121
San Miguel de TucumÃ¡n,Argentina,-26.82,-65.22,910000,33,0.003626374
Baoding,China,38.85,115.49,1106000,40,0.003616637
Izmit,Turkey,40.774765,29.949082,307000,11,0.003583062
Dhule,India,20.9,74.78333,392000,14,0.003571429
Luanda,Angola,-8.84,13.23,5506000,195,0.003541591
Safi,Morocco,32.29939,-9.23718,311000,11,0.003536977
Ust-Kamenogorsk,Kazakhstan,49.96466,82.60898,312000,11,0.003525641
Vientiane,Lao People's Democratic Republic,17.96667,102.6,997000,35,0.003510532
Anyang,China,36.09,114.35,1140000,40,0.003508772
Uyo,Nigeria,5.05127,7.9335,847000,29,0.003423849
Ndola,Zambia,-12.95867,28.63659,499000,17,0.003406814
Djibouti,Djibouti,11.59,43.14,529000,18,0.003402647
Minna,Nigeria,9.61389,6.55694,385000,13,0.003376623
Goma,Democratic Republic of the Congo,-1.68,29.22,474000,16,0.003375527
Kurnool,India,15.826681,78.035199,567000,19,0.00335097
Gwangju,Republic of Korea,35.146111,126.918611,1536000,51,0.003320313
Seremban,Malaysia,2.7297,101.9381,422000,14,0.003317536
Arak,Iran (Islamic Republic of),34.09174,49.68916,514000,17,0.003307393
Ciudad Victoria,Mexico,23.73333,-99.13333,337000,11,0.003264095
Navsari,India,20.948507,72.930834,307000,10,0.003257329
Vladikavkaz,Russian Federation,43.03667,44.66778,309000,10,0.003236246
Meerut,India,28.97155,77.71934,1550000,50,0.003225806
Matamoros,Mexico,25.53333,-103.25,528000,17,0.003219697
Mardan,Pakistan,34.20195,72.05254,407000,13,0.003194103
Muzaffarpur,India,26.11667,85.4,439000,14,0.003189066
Banjul,Gambia,13.453099,-16.679433,504000,16,0.003174603
Zamboanga City,Philippines,6.910333,122.075045,936000,29,0.003098291
Chon Buri,Thailand,13.361125,100.988319,518000,16,0.003088803
Macao,"China, Macao SAR",22.2,113.55,584000,18,0.003082192
TorreÃ_n,Mexico,25.539231,-103.461434,1332000,41,0.003078078
Ibadan,Nigeria,7.38778,3.89639,3160000,97,0.00306962
Shijiazhuang,China,38.04,114.51,3264000,100,0.003063725
Jhansi,India,25.43333,78.58333,590000,18,0.003050847
Birkenhead,United Kingdom,53.39337,-3.01479,328000,10,0.00304878
Gumi,Republic of Korea,36.119127,128.345482,363000,11,0.003030303
Bauchi,Nigeria,10.31344,9.84327,496000,15,0.003024194
Warri,Nigeria,5.51667,5.75,663000,20,0.003016591
Ciudad ObregÃ_n,Mexico,27.48333,-109.93333,332000,10,0.003012048
Huizhou,China,23.08,114.4,2312000,69,0.002984429
General Santos City,Philippines,6.11278,125.17167,616000,18,0.002922078
Xianning,China,29.84,114.33,344000,10,0.002906977
Bandar Abbas,Iran (Islamic Republic of),27.1865,56.2808,483000,14,0.002898551
Qinhuangdao,China,39.93,119.59,1109000,32,0.002885482
Orizaba,Mexico,18.85,-97.1,451000,13,0.002882483
Akure,Nigeria,7.25256,5.19312,556000,16,0.002877698
Cherthala,India,9.683497,76.336654,593000,17,0.002866779
Deyang,China,31.13,104.38,629000,18,0.002861685
Yichang,China,30.71,111.28,1264000,36,0.002848101
Okara,Pakistan,30.8080556,73.4458333,318000,9,0.002830189
Al-Madinah (Medina),Saudi Arabia,24.463501,39.611106,1280000,36,0.0028125
Dali,China,25.59,100.22,434000,12,0.002764977
Tolyatti,Russian Federation,53.5303,49.3461,728000,20,0.002747253
Qingyuan,China,23.71,113.03,693000,19,0.002741703
Bhagalpur,India,25.25,87,439000,12,0.002733485
Ipoh,Malaysia,4.583333,101.0833,737000,20,0.002713704
Tiruchirappalli,India,10.805,78.68556,1106000,30,0.002712477
Huangshan,China,29.71,118.32,336000,9,0.002678571
KÃ©nitra,Morocco,34.26101,-6.5802,448000,12,0.002678571
Yongin,Republic of Korea,37.235245,127.203292,1048000,28,0.002671756
Makhachkala,Russian Federation,42.97638,47.50236,642000,17,0.002647975
Yamunanagar,India,30.1,77.28333,421000,11,0.002612827
Bareilly,India,28.35,79.41667,1111000,29,0.002610261
Satna,India,24.58333,80.83333,309000,8,0.002588997
Lvov,Ukraine,49.837969,24.032508,735000,19,0.002585034
Kadapa,India,14.470955,78.824135,387000,10,0.002583979
Kuala Terengganu,Malaysia,5.3302,103.1408,349000,9,0.002578797
Kermanshah,Iran (Islamic Republic of),34.31417,47.065,896000,23,0.002566964
Luoyang,China,34.62,112.46,2015000,51,0.002531017
Iquitos,Peru,-3.737172,-73.25275,435000,11,0.002528736
Nantong,China,31.99,120.87,1978000,50,0.002527806
Asansol,India,23.68333,86.98333,1313000,33,0.002513328
Imphal,India,24.81667,93.95,518000,13,0.002509653
Jiujiang,China,29.7,116,682000,17,0.002492669
Jinhua,China,29.08,119.65,970000,24,0.002474227
Tamale,Ghana,9.40078,-0.8393,486000,12,0.002469136
Zhongshan,China,22.52,113.38,3691000,91,0.002465457
Amravati,India,20.93333,77.75,693000,17,0.002453102
Zarqa,Jordan,32.068265,36.088935,449000,11,0.002449889
Moradabad,India,28.83333,78.78333,1023000,25,0.002443793
Foshan,China,23.02,113.12,7036000,171,0.002430358
Gaziantep,Turkey,37.05944,37.3825,1528000,37,0.002421466
Dongguan,China,23.02,113.74,7435000,180,0.002420982
Meizhou,China,24.3,116.12,373000,9,0.002412869
Rayong,Thailand,12.68095,101.25798,332000,8,0.002409639
Shiyan,China,32.64,110.78,831000,20,0.002406739
Gombe,Nigeria,10.28969,11.16729,417000,10,0.002398082
"Taiyuan, Shanxi",China,37.86,112.55,3482000,83,0.002383688
Can Tho,Viet Nam,10.03333,105.78333,1175000,28,0.002382979
Cumana,Venezuela (Bolivarian Republic of),10.46354,-64.1775,336000,8,0.002380952
Xuancheng,China,30.95,118.75,380000,9,0.002368421
Latur,India,18.4,76.58333,425000,10,0.002352941
Reynosa,Mexico,26.08333,-98.28333,853000,20,0.002344666
Goyang,Republic of Korea,37.65639,126.835,942000,22,0.002335456
Shimoga,India,13.93157,75.56791,345000,8,0.002318841
Haikou,China,20.03,110.33,1903000,44,0.002312139
Gujranwala,Pakistan,32.15,74.1833333,2122000,49,0.002309142
Holguin,Cuba,20.89,-76.26,306000,7,0.002287582
Ashgabat,Turkmenistan,37.95,58.38333,746000,17,0.00227882
Taraz,Kazakhstan,42.9,71.36667,309000,7,0.002265372
Bujumbura,Burundi,-3.38,29.36,751000,17,0.002263648
YaoundÃ©,Cameroon,3.87,11.52,3066000,69,0.002250489
Al-Khartum (Khartoum),Sudan,15.55177,32.53241,5129000,115,0.002242152
Zhaoqing,China,23.05,112.46,626000,14,0.002236422
Solapur,India,17.68333,75.91667,986000,22,0.002231237
Xinxiang,China,35.3,113.9,991000,22,0.00221998
"Changzhou, Jiangsu",China,31.79,119.96,2584000,57,0.002205882
"Zhenjiang, Jiangsu",China,32.2,119.45,1050000,23,0.002190476
Kannur,India,11.872888,75.371554,2153000,47,0.002183
Ajman,United Arab Emirates,25.41111,55.43504,323000,7,0.002167183
Kumasi,Ghana,6.68848,-1.62443,2599000,56,0.002154675
Zanzibar,United Republic of Tanzania,-6.16394,39.19793,569000,12,0.002108963
"Wuhu, Anhui",China,31.33,118.38,1424000,30,0.002106742
Changde,China,29.05,111.68,714000,15,0.00210084
Yangzhou,China,32.39,119.42,1765000,37,0.002096317
"Jackson, Mississippi",United States of America,32.295719,-90.184034,386000,8,0.002072539
Habra,India,22.83444,88.6275,338000,7,0.002071006
Jeonju,Republic of Korea,35.82194,127.14889,676000,14,0.002071006
Nouakchott,Mauritania,18.08581,-15.9785,968000,20,0.002066116
Port-au-Prince,Haiti,18.53917,-72.335,2440000,50,0.00204918
Seregno,Italy,45.65238,9.20034,588000,12,0.002040816
Kano,Nigeria,12.00012,8.51672,3587000,73,0.002035127
Shaoxing,China,30.01,120.57,2076000,42,0.002023121
Gulbarga,India,17.3333333,76.8333333,594000,12,0.002020202
Pachuca de Soto,Mexico,20.11697,-98.73329,596000,12,0.002013423
Sagar,India,23.840472,78.738458,400000,8,0.002
Kaifeng,China,34.79,114.35,804000,16,0.00199005
Makkah (Mecca),Saudi Arabia,21.417368,39.815855,1771000,35,0.001976285
Bucheon,Republic of Korea,37.49889,126.78306,872000,17,0.001949541
Yiwu,China,29.32,120.08,1080000,21,0.001944444
Elazig,Turkey,38.67431,39.22321,363000,7,0.001928375
Tuxtla Gutierrez,Mexico,16.75,-93.11667,780000,15,0.001923077
Ambon,Indonesia,-3.69543,128.1814,425000,8,0.001882353
Yinchuan,China,38.47,106.27,1596000,30,0.001879699
Al-Basrah (Basra),Iraq,30.49721,47.81491,1019000,19,0.001864573
Siheung,Republic of Korea,37.455619,126.902408,430000,8,0.001860465
Panipat,India,29.38889,76.96806,486000,9,0.001851852
Asyut,Egypt,27.18096,31.18368,433000,8,0.001847575
Jiangmen,China,22.58,113.08,1572000,29,0.001844784
Toamasina,Madagascar,-18.16667,49.38333,327000,6,0.001834862
Abeokuta,Nigeria,7.15,3.35,495000,9,0.001818182
Nawabshah,Pakistan,26.25,68.4166667,331000,6,0.001812689
Chuzhou,China,32.3,118.32,449000,8,0.001781737
Baghdad,Iraq,33.34058,44.40088,6643000,118,0.001776306
Katsina,Nigeria,12.98943,7.60063,395000,7,0.001772152
Shaoguan,China,24.8,113.58,741000,13,0.001754386
Bellary,India,15.15,76.93333,457000,8,0.001750547
Busto Arsizio,Italy,45.61128,8.84914,630000,11,0.001746032
Ganzhou,China,25.85,114.93,802000,14,0.001745636
Xuchang,China,34.02,113.82,516000,9,0.001744186
Udon Thani,Thailand,17.41567,102.78589,526000,9,0.001711027
"Lishui, Zhejiang",China,28.46,119.92,352000,6,0.001704545
Buenaventura,Colombia,3.89,-77.07,412000,7,0.001699029
Zhoushan,China,29.99,122.21,591000,10,0.001692047
Weifang,China,36.71,119.1,2195000,37,0.001685649
Be'er Sheva,Israel,31.25181,34.7913,594000,10,0.001683502
Dezhou,China,37.45,116.3,596000,10,0.001677852
Benin City,Nigeria,6.33504,5.62749,1496000,25,0.001671123
Gaoan,China,28.43,115.37,365000,6,0.001643836
Maturin,Venezuela (Bolivarian Republic of),9.75,-63.17667,558000,9,0.001612903
Shantou,China,23.37,116.71,3949000,63,0.001595341
Jhang,Pakistan,31.267026,72.312594,439000,7,0.001594533
Kasur,Pakistan,31.115,74.4547222,377000,6,0.001591512
Gaya,India,24.78333,85,508000,8,0.001574803
Rustenburg,South Africa,-25.66756,27.24208,383000,6,0.00156658
Beira,Mozambique,-19.84361,34.83889,448000,7,0.0015625
Yixing,China,31.36,119.78,385000,6,0.001558442
Sana'a',Yemen,15.353115,44.20782,2962000,46,0.001553005
Bengbu,China,32.94,117.36,842000,13,0.001543943
Muqdisho (Mogadishu),Somalia,2.041636,45.343492,2138000,33,0.001543499
Dallas-Fort Worth,United States of America,32.72541,-97.32085,5703000,87,0.001525513
Bamako,Mali,12.65,-8,2515000,38,0.001510934
Jiaozuo,China,35.24,113.23,732000,11,0.001502732
"Mianyang, Sichuan",China,31.48,104.74,1065000,16,0.001502347
Chenzhou,China,25.8,113.03,740000,11,0.001486486
Beihai,China,21.48,109.12,473000,7,0.001479915
Zhanjiang,China,21.27,110.36,1149000,17,0.001479547
Maoming,China,21.66,110.92,609000,9,0.001477833
Langfang,China,39.51,116.69,622000,9,0.001446945
Zahedan,Iran (Islamic Republic of),29.4963,60.8629,556000,8,0.001438849
Ottawa-Gatineau,Canada,45.42,-75.7,1326000,19,0.001432881
Xinyang,China,32.13,114.07,701000,10,0.001426534
Hamadan,Iran (Islamic Republic of),34.79922,48.51456,563000,8,0.001420959
Cabimas,Venezuela (Bolivarian Republic of),10.38828,-71.43992,357000,5,0.00140056
Zibo,China,36.79,118.06,2430000,34,0.001399177
"Xiangtan, Hunan",China,27.83,112.93,1010000,14,0.001386139
Kirkuk,Iraq,35.4680556,44.3922222,650000,9,0.001384615
Uijeongbu,Republic of Korea,37.7415,127.0474,437000,6,0.001372998
Akola,India,20.73333,77,439000,6,0.001366743
Thoothukkudi (Tuticorin),India,8.809046,78.136911,514000,7,0.001361868
Adan (Aden),Yemen,12.798803,45.035902,882000,12,0.001360544
Hanzhong,China,33.07,107.03,369000,5,0.001355014
Yueyang,China,29.37,113.12,962000,13,0.001351351
Changwon,Republic of Korea,35.22806,128.68111,1039000,14,0.001347449
Al-Ain,United Arab Emirates,24.19167,55.76056,447000,6,0.001342282
Ahvaz,Iran (Islamic Republic of),31.3203,48.6693,1216000,16,0.001315789
Jiangyin,China,31.92,120.28,686000,9,0.001311953
Rampur,India,28.806232,79.027699,382000,5,0.001308901
Malappuram,India,11.06667,76.06667,2216000,29,0.001308664
Gimhae,Republic of Korea,35.23417,128.88111,306000,4,0.00130719
Jalna,India,19.83333,75.88333,309000,4,0.001294498
Ciudad Guayana,Venezuela (Bolivarian Republic of),8.35122,-62.64102,696000,9,0.001293103
Siping,China,43.16,124.37,547000,7,0.001279707
Davangere,India,14.460849,75.919871,469000,6,0.001279318
Aba,Nigeria,5.10658,7.36667,944000,12,0.001271186
Brazzaville,Congo,-4.27,15.28,1888000,24,0.001271186
Volzhsky,Russian Federation,48.78583,44.77973,315000,4,0.001269841
Taif,Saudi Arabia,21.27028,40.41583,631000,8,0.001267829
Santiago de Cuba,Cuba,20.02,-75.82,475000,6,0.001263158
Shanwei,China,22.78,115.36,397000,5,0.001259446
Hengshui,China,37.74,115.68,478000,6,0.00125523
Monywa,Myanmar,22.11667,95.13333,478000,6,0.00125523
Anqing,China,30.54,117.05,640000,8,0.00125
Nizamabad,India,18.67154,78.0988,321000,4,0.001246106
"Jingzhou, Hubei",China,30.33,112.25,964000,12,0.001244813
Ado-Ekiti,Nigeria,7.621,5.2215,402000,5,0.001243781
Datong,China,40.08,113.29,1532000,19,0.001240209
Conakry,Guinea,9.571642,-13.647602,1936000,24,0.001239669
Qujing,China,25.49,103.8,565000,7,0.001238938
Hohhot,China,40.81,111.65,1785000,22,0.001232493
Hengyang,China,26.88,112.63,1301000,16,0.001229823
Donggang,China,39.88,124.15,326000,4,0.001226994
Yibin,China,28.77,104.62,734000,9,0.001226158
Sukkur,Pakistan,27.7,68.8666667,573000,7,0.00122164
TehuacÃ¡n,Mexico,18.45,-97.38333,329000,4,0.001215805
Parbhani,India,19.26667,76.78333,330000,4,0.001212121
Huangshi,China,30.21,115.09,753000,9,0.001195219
Liaocheng,China,36.46,115.98,677000,8,0.001181684
Jinzhong,China,37.69,112.73,512000,6,0.001171875
Chengde,China,40.97,117.93,683000,8,0.001171303
Makurdi,Nigeria,7.7411,8.5121,342000,4,0.001169591
Ouagadougou,Burkina Faso,12.36,-1.54,2741000,32,0.001167457
Soshanguve,South Africa,-25.47288,28.09919,775000,9,0.00116129
Nizhny Tagil,Russian Federation,57.91944,59.965,345000,4,0.00115942
Fuqing,China,25.73,119.38,521000,6,0.001151631
Sandakan,Malaysia,5.8402,118.1179,349000,4,0.001146132
Bafoussam,Cameroon,5.47,10.42,350000,4,0.001142857
Pointe-Noire,Congo,-4.78,11.86,969000,11,0.001135191
Ardabil,Iran (Islamic Republic of),38.2498,48.2933,536000,6,0.001119403
Owerri,Nigeria,5.48333,7.03041,716000,8,0.001117318
Khorramabad,Iran (Islamic Republic of),33.48778,48.35583,359000,4,0.001114206
Jurong,China,31.95,119.16,360000,4,0.001111111
Zhuzhou,China,27.83,113.15,1083000,12,0.001108033
Bijapur,India,16.82442,75.71537,363000,4,0.001101928
Niamey,Niger,13.51366,2.1098,1090000,12,0.001100917
Bien Hoa,Viet Nam,10.95,106.81667,834000,9,0.001079137
Witbank,South Africa,-25.87133,29.23323,371000,4,0.001078167
Mwanza,United Republic of Tanzania,-2.51667,32.9,838000,9,0.001073986
"Linyi, Shandong",China,35.05,118.33,1706000,18,0.0010551
Xiantao,China,30.37,113.45,569000,6,0.001054482
Malegaon,India,20.55,74.53333,667000,7,0.001049475
Rongcheng,China,37.15,122.44,383000,4,0.001044386
Xiangyang,China,32.01,112.14,1533000,16,0.001043705
Heze,China,35.25,115.46,575000,6,0.001043478
Xinzheng,China,34.4,113.74,384000,4,0.001041667
Yuxi,China,24.36,102.54,384000,4,0.001041667
"Yulin, Guangxi",China,22.63,110.15,577000,6,0.001039861
Korba,India,22.35,82.68333,388000,4,0.001030928
Haerbin,China,45.76,126.65,5457000,56,0.001026205
Bissau,Guinea-Bissau,11.86357,-15.59767,492000,5,0.00101626
Tieling,China,42.29,123.84,396000,4,0.001010101
Binzhou,China,37.38,118.01,693000,7,0.001010101
Larkana,Pakistan,27.55,68.2166667,596000,6,0.001006711
Lianyungang,China,34.6,119.18,1099000,11,0.00100091
Asmara,Eritrea,15.33333,38.93333,804000,8,0.000995025
Huludao,China,40.75,120.84,704000,7,0.000994318
Fengcheng,China,28.18,115.78,410000,4,0.00097561
Puyang,China,35.77,115.04,523000,5,0.000956023
Cangzhou,China,38.32,116.87,527000,5,0.000948767
Xinzhou,China,38.42,112.73,321000,3,0.000934579
Kandahar,Afghanistan,31.61,65.71,429000,4,0.000932401
Minneapolis-St. Paul,United States of America,44.97307,-93.269895,2791000,26,0.000931566
Chandrapur,India,19.95,79.3,331000,3,0.000906344
Jinjiang,China,24.81,118.58,442000,4,0.000904977
Najaf,Iraq,31.997314,44.331352,889000,8,0.000899888
Baoji,China,34.37,107.2,1001000,9,0.000899101
Monclova,Mexico,26.9,-101.41667,335000,3,0.000895522
Nankang,China,25.67,114.76,335000,3,0.000895522
Tiruppur,India,11.11541,77.35456,1230000,11,0.000894309
Buraydah,Saudi Arabia,26.32599,43.97497,560000,5,0.000892857
Quzhou,China,28.96,118.87,560000,5,0.000892857
Guangyuan,China,32.44,105.82,450000,4,0.000888889
Gwangmyeong,Republic of Korea,37.47722,126.86639,338000,3,0.000887574
Bhiwandi,India,19.3,73.06667,793000,7,0.000882724
"Xianyang, Shaanxi",China,34.34,108.7,680000,6,0.000882353
Morogoro,United Republic of Tanzania,-6.81667,37.66667,341000,3,0.000879765
Haining,China,30.53,120.69,455000,4,0.000879121
La Serena-Coquimbo,Chile,-29.9,-71.25,457000,4,0.000875274
"Jining, Shandong",China,35.41,116.58,1385000,12,0.000866426
Liuzhou,China,24.3,109.38,1619000,14,0.000864731
Handan,China,36.6,114.47,1634000,14,0.000856793
Zaria,Nigeria,11.11128,7.7227,703000,6,0.000853485
Pinghu,China,30.7,121.01,352000,3,0.000852273
Huaihua,China,27.55,109.96,590000,5,0.000847458
Lokoja,Nigeria,7.80236,6.743,473000,4,0.000845666
Yuyao,China,30.04,121.15,596000,5,0.000838926
Begusarai,India,25.41666667,86.13333333,362000,3,0.000828729
Shangrao,China,28.46,117.95,362000,3,0.000828729
ChiÅŸinÄƒu,Republic of Moldova,47.00556,28.8575,725000,6,0.000827586
Changshu,China,31.65,120.75,726000,6,0.000826446
Neijiang,China,29.58,105.06,613000,5,0.000815661
Xingtai,China,37.06,114.49,742000,6,0.000808625
Jingdezhen,China,29.29,117.21,378000,3,0.000793651
"Taizhou, Zhejiang",China,28.64,121.42,1648000,13,0.000788835
Kaiping,China,22.37,112.7,384000,3,0.00078125
"Yichun, Jiangxi",China,27.81,114.39,643000,5,0.000777605
Loudi,China,27.73,111.99,520000,4,0.000769231
Namangan,Uzbekistan,40.9983,71.67257,521000,4,0.000767754
Dengzhou,China,32.68,112.08,524000,4,0.000763359
Rizhao,China,35.4,119.51,1062000,8,0.000753296
Anshun,China,26.24,105.93,409000,3,0.000733496
Hims (Homs),Syrian Arab Republic,34.731809,36.718125,1641000,12,0.000731261
Dongying,China,37.45,118.58,967000,7,0.000723888
Ciudad JuÃ¡rez,Mexico,31.73333,-106.48333,1390000,10,0.000719424
Saharanpur,India,29.96667,77.55,849000,6,0.000706714
Lubumbashi,Democratic Republic of the Congo,-11.66,27.48,2015000,14,0.000694789
Bobo-Dioulasso,Burkina Faso,11.18,-4.3,721000,5,0.000693481
Tabuk,Saudi Arabia,28.38333,36.58333,580000,4,0.000689655
Rahim Yar Khan,Pakistan,28.415126,70.299678,442000,3,0.000678733
Daqing,China,46.58,125,1621000,11,0.000678593
Mbeya,United Republic of Tanzania,-8.9,33.45,444000,3,0.000675676
Bokaro Steel City,India,23.78732,85.95622,593000,4,0.000674536
Al Kuwayt (Kuwait City),Kuwait,29.353429,47.982244,2779000,18,0.000647715
Tel Aviv-Yafo (Tel Aviv-Jaffa),Israel,32.08088,34.78057,3608000,23,0.000637472
Bangui,Central African Republic,4.36,18.55,794000,5,0.000629723
Luoding,China,22.77,111.57,320000,2,0.000625
Shihezi,China,44.31,86.03,320000,2,0.000625
Zunyi,China,27.71,106.94,803000,5,0.000622665
Hezhou,China,24.42,111.55,482000,3,0.000622407
Heyuan,China,23.75,114.7,483000,3,0.000621118
Darbhanga,India,26.16667,85.9,324000,2,0.000617284
Heshan,China,22.77,112.96,330000,2,0.000606061
Huainan,China,32.63,117,1327000,8,0.000602864
Qufu,China,35.6,116.99,332000,2,0.00060241
Chaozhou,China,23.67,116.64,1333000,8,0.00060015
Oaxaca de JuÃ¡rez,Mexico,17.05,-96.71667,668000,4,0.000598802
Jiamusi,China,46.8,130.33,669000,4,0.000597907
FÃ¨s,Morocco,34.03715,-4.9998,1172000,7,0.00059727
Zengcheng,China,23.29,113.83,505000,3,0.000594059
Dashiqiao,China,40.64,122.5,339000,2,0.000589971
Fangchenggang,China,21.77,108.35,339000,2,0.000589971
Fuyang,China,30.06,119.94,510000,3,0.000588235
Dujiangyan,China,31,103.63,346000,2,0.000578035
Cheongju,Republic of Korea,36.63722,127.48972,693000,4,0.000577201
Zhangjiagang,China,31.87,120.54,520000,3,0.000576923
Tonghua,China,41.72,125.93,521000,3,0.000575816
Ta'izz,Yemen,13.57952,44.02091,695000,4,0.00057554
Sanming,China,26.26,117.62,348000,2,0.000574713
Zigong,China,29.34,104.78,698000,4,0.000573066
Lagunillas,Venezuela (Bolivarian Republic of),10.13008,-71.25946,350000,2,0.000571429
Hami,China,42.83,93.52,351000,2,0.000569801
Taicang,China,31.45,121.12,529000,3,0.000567108
Ikorodu,Nigeria,6.608716,3.510823,706000,4,0.000566572
Shangqiu,China,34.42,115.65,710000,4,0.00056338
Yuncheng,China,35.02,110.99,535000,3,0.000560748
Ranipet,India,12.93148,79.332312,358000,2,0.000558659
Xiangcheng,China,33.44,114.9,359000,2,0.000557103
Putian,China,25.44,119.01,1438000,8,0.000556328
Xingning,China,24.15,115.73,362000,2,0.000552486
Chizhou,China,30.66,117.48,363000,2,0.000550964
Zhangzhou,China,24.51,117.66,726000,4,0.000550964
Jieyang,China,23.55,116.37,909000,5,0.000550055
Xinyi,China,22.36,110.94,364000,2,0.000549451
Batman,Turkey,37.88738,41.13221,365000,2,0.000547945
Zinder,Niger,13.80716,8.9881,370000,2,0.000540541
Laiyang,China,36.98,120.71,371000,2,0.000539084
"Fuzhou, Jiangxi",China,27.98,116.36,557000,3,0.0005386
"Ji'an, Jiangxi",China,27.12,114.98,375000,2,0.000533333
Jiyuan,China,35.09,112.58,375000,2,0.000533333
Baiyin,China,36.55,104.18,382000,2,0.00052356
Ciudad Bolivar,Venezuela (Bolivarian Republic of),8.12923,-63.54086,385000,2,0.000519481
Luohe,China,33.57,114.02,772000,4,0.000518135
Kinshasa,Democratic Republic of the Congo,-4.33,15.31,11587000,60,0.000517822
Guang'an,China,30.46,106.64,389000,2,0.000514139
Baotou,China,40.65,109.82,1957000,10,0.000510986
St. Catharines-Niagara,Canada,43.17,-79.25,393000,2,0.000508906
Kitwe,Zambia,-12.8166667,28.2,590000,3,0.000508475
"Taizhou, Jiangsu",China,32.49,119.9,1184000,6,0.000506757
Halab (Aleppo),Syrian Arab Republic,36.213611,37.157141,3562000,18,0.000505334
Chuxiong,China,25.04,101.54,404000,2,0.00049505
"Nanyang, Henan",China,33,112.53,1011000,5,0.00049456
Diwaniyah,Iraq,31.99051,44.93063,405000,2,0.000493827
Ahmadabad,India,23.03333,72.61667,7343000,36,0.000490263
Meishan,China,30.08,103.85,410000,2,0.000487805
Suizhou,China,31.71,113.36,416000,2,0.000480769
Jianyang,China,30.39,104.54,419000,2,0.000477327
Zhangye,China,38.93,100.45,419000,2,0.000477327
Nanchong,China,30.8,106.08,1050000,5,0.00047619
Suqian,China,33.97,118.29,1050000,5,0.00047619
Shaoyang,China,27.24,111.47,636000,3,0.000471698
Huzhou,China,30.87,120.09,854000,4,0.000468384
Gongyi,China,34.76,112.97,429000,2,0.0004662
Tianshui,China,34.58,105.72,644000,3,0.000465839
"Kaliningrad, Kaliningrad Oblast",Russian Federation,54.714258,20.510017,431000,2,0.000464037
Cenxi,China,22.92,110.99,432000,2,0.000462963
Abakaliki,Nigeria,6.31625,8.11691,439000,2,0.000455581
Yongkang,China,28.9,120.03,441000,2,0.000453515
Xining,China,36.62,101.77,1323000,6,0.000453515
Uvira,Democratic Republic of the Congo,-3.4,29.14,442000,2,0.000452489
Anshan,China,41.12,122.99,1559000,7,0.000449006
Longkou,China,37.64,120.52,447000,2,0.000447427
Taishan,China,22.25,112.79,452000,2,0.000442478
Kahramanmaras,Turkey,37.5847,36.9264,455000,2,0.00043956
"Tangshan, Hebei",China,39.63,118.18,2743000,12,0.000437477
Cuautla Morelos,Mexico,18.8,-98.95,468000,2,0.00042735
Xinyi,China,34.37,118.34,471000,2,0.000424628
Bournemouth/Poole,United Kingdom,50.72048,-1.8795,483000,2,0.000414079
Longyan,China,25.11,117.02,486000,2,0.000411523
Ruian,China,27.78,120.68,973000,4,0.0004111
Mawlamyine,Myanmar,16.49051,97.62825,487000,2,0.000410678
Al-Mahallah al-Kubra,Egypt,30.97,31.16,488000,2,0.000409836
Tongchuan,China,34.9,108.95,501000,2,0.000399202
Abomey-Calavi,Benin,6.45,2.36,757000,3,0.000396301
Dongyang,China,29.28,120.23,505000,2,0.00039604
Bijie,China,27.31,105.28,514000,2,0.000389105
Zaozhuang,China,34.86,117.55,1028000,4,0.000389105
Bago,Myanmar,17.33667,96.47972,518000,2,0.0003861
Haimen,China,31.9,121.17,529000,2,0.000378072
Pizhou,China,34.31,117.95,811000,3,0.000369914
Leshan,China,29.58,103.76,812000,3,0.000369458
Yangjiang,China,21.86,111.96,542000,2,0.000369004
Sokoto,Nigeria,13.06092,5.23902,552000,2,0.000362319
Qinzhou,China,21.97,108.62,557000,2,0.000359066
Wuhai,China,39.66,106.81,559000,2,0.000357782
Dazhou,China,31.22,107.5,568000,2,0.000352113
Vereeniging,South Africa,-26.67313,27.92615,1155000,4,0.00034632
Umuahia,Nigeria,5.52627,7.48959,580000,2,0.000344828
Muzaffarnagar,India,29.46667,77.68333,587000,2,0.000340716
Southampton/Portsmouth (South Hampshire),United Kingdom,50.911698,-1.40357,882000,3,0.000340136
Fuyang,China,32.89,115.82,893000,3,0.000335946
"Suining, Sichuan",China,30.52,105.56,616000,2,0.000324675
Farrukhabad,India,27.39048,79.58006,314000,1,0.000318471
Huambo,Angola,-12.78,15.74,1269000,4,0.000315209
Leiyang,China,26.42,112.85,635000,2,0.000314961
Lvliang,China,37.52,111.13,329000,1,0.000303951
Qods,Iran (Islamic Republic of),35.713011,51.105508,331000,1,0.000302115
Krivoi Rog,Ukraine,47.91083,33.392491,681000,2,0.000293686
Karbala,Iraq,32.5983333,44.0238889,688000,2,0.000290698
Jinzhou,China,41.11,121.14,1035000,3,0.000289855
Linfen,China,36.09,111.52,699000,2,0.000286123
Vungtau,Viet Nam,10.34599,107.08426,351000,1,0.0002849
Ad-Dammam,Saudi Arabia,26.43442,50.10326,1064000,3,0.000281955
BÃ©thune,France,50.53333,2.63333,356000,1,0.000280899
Shahjahanpur,India,27.88333,79.91667,356000,1,0.000280899
Nyala,Sudan,12.05,24.88333,714000,2,0.000280112
Safaqis,Tunisia,34.748471,10.756162,714000,2,0.000280112
MeknÃ¨s,Morocco,33.89352,-5.54727,716000,2,0.00027933
Al-Mukalla,Yemen,14.54248,49.12424,363000,1,0.000275482
Orumiyeh,Iran (Islamic Republic of),37.55274,45.07605,737000,2,0.00027137
Changzhi,China,36.19,113.12,738000,2,0.000271003
MinatitlÃ¡n,Mexico,18.0013,-94.5581,373000,1,0.000268097
Barddhaman,India,23.24056,87.86944,377000,1,0.000265252
Nnewi,Nigeria,6.01986,6.91478,770000,2,0.00025974
Laiwu,China,36.21,117.67,773000,2,0.000258732
Luzhou,China,28.88,105.44,778000,2,0.000257069
Lattakia,Syrian Arab Republic,35.51484,35.77684,781000,2,0.000256082
Daejon,Republic of Korea,36.32139,127.41972,1564000,4,0.000255754
Liupanshui,China,26.59,104.84,809000,2,0.000247219
Liuyang,China,28.15,113.63,819000,2,0.0002442
Bukavu,Democratic Republic of the Congo,-2.51,28.86,832000,2,0.000240385
Gaozhou,China,21.92,110.85,419000,1,0.000238663
Basilan City (including City of Isabela),Philippines,6.70407,121.97117,424000,1,0.000235849
Mudanjiang,China,44.58,129.6,851000,2,0.000235018
Yanan,China,36.6,109.48,430000,1,0.000232558
Yueqing,China,28.12,120.96,870000,2,0.000229885
Wenling,China,28.38,121.38,875000,2,0.000228571
Jingmen,China,31.04,112.2,439000,1,0.00022779
Ogbomosho,Nigeria,8.132406,4.243307,439000,1,0.00022779
Zhaodong,China,46.07,125.99,440000,1,0.000227273
Choloma,Honduras,15.61444,-87.95302,453000,1,0.000220751
Matola,Mozambique,-25.96222,32.45889,937000,2,0.000213447
Jingjiang,China,32.01,120.26,472000,1,0.000211864
"Yiyang, Hunan",China,28.57,112.35,472000,1,0.000211864
Qiqihaer,China,47.34,123.97,1452000,3,0.000206612
Bunia,Democratic Republic of the Congo,1.57,30.25,485000,1,0.000206186
Ankang,China,32.69,109.03,486000,1,0.000205761
Tongling,China,30.94,117.81,490000,1,0.000204082
Huaibei,China,33.95,116.79,981000,2,0.000203874
"Pingdingshan, Henan",China,33.74,113.3,995000,2,0.000201005
Chifeng,China,42.26,118.92,1018000,2,0.000196464
Merca,Somalia,1.71594,44.77166,511000,1,0.000195695
TÃ©touan,Morocco,35.57109,-5.37242,511000,1,0.000195695
Nurenberg,Germany,49.450418,11.075791,517000,1,0.000193424
Hebi,China,35.75,114.3,518000,1,0.00019305
Renqiu,China,38.7,116.09,521000,1,0.000191939
Sheikhupura,Pakistan,31.7130556,73.9783333,528000,1,0.000189394
Tampa-St. Petersburg,United States of America,27.94752,-82.45843,2659000,5,0.000188041
Marseille-Aix-en-Provence,France,43.528414,5.443298,1605000,3,0.000186916
Onitsha,Nigeria,6.14543,6.78845,1109000,2,0.000180343
Pekan Baru,Indonesia,0.53333,101.45,1121000,2,0.000178412
Zhumadian,China,32.98,114.03,561000,1,0.000178253
Al-Mawsil (Mosul),Iraq,36.335,43.1188889,1694000,3,0.000177096
"Ji'nan, Shandong",China,36.68,117,4032000,7,0.000173611
Raurkela,India,22.224891,84.86175,585000,1,0.00017094
Tartus,Syrian Arab Republic,34.893201,35.88844,595000,1,0.000168067
Danyang,China,32,119.57,598000,1,0.000167224
Samut Prakan,Thailand,13.59934,100.59675,1814000,3,0.00016538
Provo-Orem,United States of America,40.23384,-111.65853,613000,1,0.000163132
Temecula-Murrieta,United States of America,33.53635,-117.16305,619000,1,0.000161551
Chongjin,Dem. People's Republic of Korea,41.8,129.78,631000,1,0.000158479
Ezhou,China,30.4,114.88,635000,1,0.00015748
Baishan,China,41.94,126.42,637000,1,0.000156986
Nampula,Mozambique,-15.11646,39.2666,650000,1,0.000153846
Huai'an,China,33.61,119.01,2000000,3,0.00015
Sarasota-Bradenton,United States of America,27.33643,-82.53065,690000,1,0.000144928
Xinyu,China,27.8,114.93,692000,1,0.000144509
Firozabad,India,27.15,78.41667,696000,1,0.000143678
Maiduguri,Nigeria,11.84644,13.16027,728000,1,0.000137363
Bouake,CÃ´te d'Ivoire,7.69,-5.03,762000,1,0.000131234
Baixada Santista,Brazil,-23.96,-46.33,1539000,2,0.000129955
Fuxin,China,42.02,121.66,790000,1,0.000126582
"Pingxiang, Jiangxi",China,27.63,113.85,810000,1,0.000123457
Denver-Aurora,United States of America,39.734283,-104.983138,2599000,3,0.000115429
Diyarbakir,Turkey,37.91583,40.21889,926000,1,0.000107991
Tengzhou,China,35.08,117.16,957000,1,0.000104493
Zhangjiakou,China,40.81,114.88,983000,1,0.000101729
Hubli-Dharwad,India,15.458722,75.010582,1020000,1,9.80392E-05
Nay Pyi Taw,Myanmar,19.745,96.12972,1030000,1,9.70874E-05
Kisangani,Democratic Republic of the Congo,0.52,25.2,1040000,1,9.61538E-05
Toluca de Lerdo,Mexico,19.283896,-99.657254,2164000,2,9.24214E-05
"Taian, Shandong",China,36.19,117.12,1220000,1,8.19672E-05
Hamah,Syrian Arab Republic,35.13179,36.75783,1237000,1,8.08407E-05
"Fushun, Liaoning",China,41.88,123.95,1298000,1,7.70416E-05
"Yancheng, Jiangsu",China,33.36,120.16,1436000,1,6.96379E-05